Cluster 1,Cluster 2,Cluster 3,Cluster 4,Cluster 5,Cluster 6,Cluster 7,Cluster 8,Cluster 9,Cluster 10,Cluster 11,Cluster 12,Cluster 13,Cluster 14,Cluster 15,Cluster 16,Cluster 17,Cluster 18,Cluster 19,Cluster 20,Cluster 21,Cluster 22,Cluster 23,Cluster 24,Cluster 25,Cluster 26,Cluster 27,Cluster 28,Cluster 29,Cluster 30,Cluster 31,Cluster 32,Cluster 33,Cluster 34,Cluster 35,Cluster 36,Cluster 37,Cluster 38,Cluster 39,Cluster 40,Cluster 41,Cluster 42,Cluster 43,Cluster 44,Cluster 45,Cluster 46,Cluster 47,Cluster 48,Cluster 49,Cluster 50,Cluster 51,Cluster 52,Cluster 53,Cluster 54,Cluster 55,Cluster 56,Cluster 57,Cluster 58,Cluster 59,Cluster 60,Cluster 61,Cluster 62,Cluster 63,Cluster 64,Cluster 65,Cluster 66,Cluster 67,Cluster 68,Cluster 69,Cluster 70,Cluster 71,Cluster 72,Cluster 73,Cluster 74,Cluster 75,Cluster 76,Cluster 77,Cluster 78,Cluster 79,Cluster 80,Cluster 81,Cluster 82,Cluster 83,Cluster 84,Cluster 85,Cluster 86,Cluster 87,Cluster 88,Cluster 89,Cluster 90,Cluster 91,Cluster 92,Cluster 93,Cluster 94,Cluster 95,Cluster 96,Cluster 97,Cluster 98,Cluster 99,Cluster 100,Cluster 101,Cluster 102,Cluster 103,Cluster 104,Cluster 105,Cluster 106,Cluster 107,Cluster 108,Cluster 109,Cluster 110,Cluster 111,Cluster 112,Cluster 113,Cluster 114,Cluster 115,Cluster 116,Cluster 117,Cluster 118,Cluster 119,Cluster 120,Cluster 121,Cluster 122,Cluster 123,Cluster 124,Cluster 125,Cluster 126,Cluster 127,Cluster 128
TCGA-B6-A0RV-01A-11R-A084-07,TCGA-BH-A1EU-01A-11R-A137-07,GTEX-YB5K-1626-SM-5IFIN,TCGA-B6-A0RS-01A-11R-A084-07,TCGA-LL-A7T0-01A-31R-A352-07,TCGA-BH-A42T-01A-11R-A24H-07,TCGA-N9-A4Q7-01A-11R-A28V-07,TCGA-AR-A0U0-01A-11R-A109-07,TCGA-E2-A153-01A-12R-A12D-07,TCGA-AC-A3W6-01A-12R-A22K-07,TCGA-E9-A24A-01A-11R-A169-07,GTEX-S32W-2026-SM-4AD6E,GTEX-11P81-1926-SM-5BC53,GTEX-131YS-0626-SM-5EGKL,GTEX-R53T-1526-SM-48FEK,GTEX-T5JW-2026-SM-4DM63,GTEX-XMD2-0926-SM-4WWEF,GTEX-ZVT2-1826-SM-5NQ8W,TCGA-DM-A28F-01A-11R-A32Y-07,TCGA-CM-4751-01A-02R-1839-07,TCGA-AA-3713-11A-01R-1723-07,TCGA-A6-6138-01A-11R-1774-07,TCGA-AD-6899-01A-11R-1928-07,TCGA-A6-3810-01A-01R-A278-07,TCGA-CM-6676-01A-11R-1839-07,TCGA-5M-AATE-01A-11R-A41B-07,TCGA-AZ-4323-01A-21R-1839-07,TCGA-D5-6928-01A-11R-1928-07,GTEX-XBEW-1926-SM-4SOJO,GTEX-132AR-2726-SM-5PNVN,GTEX-ZV6S-1126-SM-57WE9,GTEX-145MO-2426-SM-5NQ9W,GTEX-SNOS-0826-SM-4DM5N,TCGA-CC-A7IE-01A-21R-A38B-07,TCGA-G3-AAV5-01A-11R-A37K-07,TCGA-DD-AACP-01A-11R-A41C-07,TCGA-4R-AA8I-01A-11R-A38B-07,GTEX-RU72-1426-SM-46MUF,TCGA-ED-A82E-01A-11R-A352-07,TCGA-G3-A5SI-01A-31R-A27V-07,GTEX-14A5I-1726-SM-5QGQ5,TCGA-DD-A1EG-01A-11R-A213-07,TCGA-2Y-A9H5-01A-11R-A38B-07,TCGA-5R-AA1D-01A-11R-A38B-07,GTEX-ZAB4-0826-SM-5LU9D,GTEX-146FH-1526-SM-5NQBU,GTEX-UPK5-1426-SM-4JBHH,GTEX-13FTW-1126-SM-5J2NV,GTEX-12WSD-1426-SM-5GCN9,GTEX-11ZTS-1426-SM-5EQMM,GTEX-131XE-0326-SM-5LZVO,GTEX-W5WG-1726-SM-4LMI5,TCGA-LN-A8I1-01A-11R-A36D-31,TCGA-L5-A4OI-01A-11R-A36D-31,TCGA-XP-A8T6-01A-11R-A36D-31,TCGA-R6-A6L6-01B-11R-A336-31,TCGA-L5-A88S-01A-11R-A36D-31,TCGA-L5-A8NT-01A-11R-A37I-31,GTEX-T5JW-1326-SM-4DM5G,GTEX-139YR-1926-SM-5LZXM,GTEX-OIZI-1326-SM-3NB1B,GTEX-139TU-1326-SM-5LZXW,GTEX-R55C-0826-SM-48FCL,GTEX-1339X-1126-SM-5J2OI,TCGA-RD-A8N2-01A-12R-A36D-31,TCGA-G9-6333-01A-12R-1965-07,TCGA-G9-7509-01A-11R-A41O-07,TCGA-G9-6384-11A-01R-1858-07,TCGA-EJ-8472-01A-11R-2403-07,TCGA-HC-7821-01A-12R-2118-07,TCGA-V1-A8MU-01A-11R-A37L-07,TCGA-CH-5772-01A-11R-1580-07,TCGA-KK-A8IH-01A-11R-A36G-07,GTEX-11WQK-2726-SM-5EQMU,GTEX-XPVG-2026-SM-4B65E,TCGA-HC-7747-11A-01R-2118-07,GTEX-13FTW-1226-SM-5LZZ1,GTEX-T8EM-1226-SM-4DM5J,TCGA-VQ-A91V-01A-11R-A414-31,TCGA-VQ-A8PM-01A-21R-A414-31,TCGA-D7-5577-01A-01R-1602-13,TCGA-BR-7716-01A-21R-2055-13,TCGA-VQ-A927-01A-12R-A414-31,TCGA-BR-4357-01A-01R-1157-13,TCGA-HU-A4GQ-01A-11R-A36D-31,TCGA-N6-A4VD-01A-11R-A28V-07,TCGA-55-7574-01A-11R-2039-07,GTEX-P4PP-1526-SM-3P61M,GTEX-PLZ6-0826-SM-3P61K,GTEX-ZZ64-0426-SM-5E43F,GTEX-S7SF-0626-SM-4AD4V,TCGA-95-A4VK-01A-11R-A262-07,TCGA-90-6837-01A-11R-1949-07,TCGA-52-7810-01A-11R-2125-07,GTEX-NPJ8-0326-SM-2D7VV,TCGA-22-5471-11A-01R-1635-07,TCGA-MP-A4TA-01A-21R-A24X-07,TCGA-43-A474-01A-11R-A24H-07,TCGA-55-7570-01A-11R-2039-07,TCGA-62-A46R-01A-11R-A24H-07,GTEX-Q734-0626-SM-2I3EF,GTEX-12WSA-1026-SM-5EGHN,TCGA-J2-A4AE-01A-21R-A24H-07,TCGA-97-7553-01A-21R-2039-07,TCGA-68-7757-01B-11R-2296-07,GTEX-SIU8-0926-SM-5SI87,GTEX-QMR6-1926-SM-32PL9,GTEX-XBED-0826-SM-47JYC,GTEX-U8T8-2226-SM-3DB95,TCGA-N5-A4RF-01A-11R-A28V-07,TCGA-NA-A4QW-01A-11R-A28V-07,TCGA-N6-A4VE-01A-11R-A28V-07,GTEX-U3ZN-0726-SM-4DXT5,TCGA-N8-A4PO-01A-11R-A28V-07,TCGA-NF-A4WU-01A-11R-A28V-07,TCGA-NA-A4R0-01A-11R-A28V-07,TCGA-ND-A4WF-01A-11R-A28V-07,TCGA-QN-A5NN-01A-11R-A28V-07,TCGA-FL-A1YU-11A-11R-A32Y-07,TCGA-FL-A1YT-11A-12R-A32Y-07,GTEX-11I78-2126-SM-5A5K8,GTEX-TMMY-2226-SM-4DXTN,GTEX-13FTX-1026-SM-5J2O5,GTEX-1399S-2226-SM-5IFEW,GTEX-13S7M-1726-SM-5RQK3,GTEX-UPIC-1526-SM-4IHLU,GTEX-RU72-2626-SM-4TT75,GTEX-P78B-2526-SM-3P5ZY
TCGA-D8-A27V-01A-12R-A17B-07,TCGA-BH-A0BA-01A-11R-A056-07,GTEX-1117F-2826-SM-5GZXL,TCGA-A8-A09X-01A-11R-A00Z-07,TCGA-A8-A06N-01A-11R-A00Z-07,TCGA-BH-A0HL-01A-11R-A10U-07,TCGA-A8-A07B-01A-11R-A00Z-07,TCGA-A7-A6VY-01A-12R-A33J-07,TCGA-E9-A1NC-01A-21R-A26B-07,TCGA-OL-A6VQ-01A-12R-A41B-07,TCGA-B6-A0RP-01A-21R-A084-07,GTEX-ZV6S-1826-SM-5NQ8D,GTEX-133LE-1726-SM-5K7VQ,GTEX-12ZZX-1126-SM-5EGKB,GTEX-QVJO-1826-SM-447C9,GTEX-ZXES-0826-SM-5E43C,GTEX-X4EP-2926-SM-3P5YQ,GTEX-RU72-0626-SM-46MUI,TCGA-CK-6751-01A-11R-1839-07,TCGA-BR-4280-01A-01R-1131-13,GTEX-117YX-0526-SM-5EGJH,TCGA-A6-5657-01A-01R-A32Z-07,TCGA-NH-A8F7-01A-11R-A41B-07,TCGA-A6-6780-01A-11R-A278-07,TCGA-D5-6924-01A-11R-1928-07,TCGA-NH-A50T-01A-11R-A28H-07,TCGA-N5-A4RD-01A-11R-A28V-07,TCGA-CD-5803-01A-11R-1602-13,TCGA-A6-5665-11A-01R-1653-07,GTEX-13FTW-1826-SM-5IJEN,GTEX-111YS-1626-SM-5GZZ9,GTEX-ZC5H-2426-SM-4WAZ6,GTEX-13OVG-1426-SM-5K7VP,TCGA-CC-A8HT-01A-11R-A36F-07,TCGA-DD-AADG-01A-11R-A41C-07,TCGA-CC-5263-01A-01R-A131-07,TCGA-DD-A1EK-01A-11R-A213-07,GTEX-13O3O-1826-SM-5IFGW,TCGA-W5-AA38-01A-11R-A41I-07,TCGA-DD-A11B-01A-11R-A131-07,TCGA-DD-A1EI-11A-11R-A131-07,TCGA-LG-A6GG-01A-11R-A311-07,TCGA-ED-A4XI-01A-11R-A266-07,TCGA-DD-A4NB-01A-12R-A266-07,TCGA-DD-A4NS-01A-11R-A311-07,GTEX-S33H-1626-SM-4AD68,GTEX-TKQ2-1726-SM-4DXUP,GTEX-Z9EW-0426-SM-5CVM9,GTEX-13OW6-2626-SM-5IFF2,GTEX-11NUK-1226-SM-5P9GM,GTEX-S32W-1926-SM-4AD63,GTEX-11TT1-0726-SM-5GU5A,TCGA-V5-A7RC-01B-11R-A406-31,TCGA-R6-A8W8-01B-11R-A37I-31,TCGA-VR-A8ET-01A-11R-A406-31,TCGA-R6-A6XQ-01B-11R-A336-31,TCGA-LN-A49X-01A-31R-A260-31,TCGA-L5-A43C-01A-11R-A24K-31,GTEX-PSDG-1326-SM-48TD2,TCGA-JY-A939-01A-12R-A37I-31,GTEX-PLZ6-0626-SM-3P61B,GTEX-ZF2S-1326-SM-4WWAZ,GTEX-ZYY3-1526-SM-5SIA9,GTEX-11WQK-2626-SM-5EQ4K,TCGA-BR-8384-01A-21R-2402-13,TCGA-HC-7078-01A-11R-2118-07,TCGA-G9-6364-01A-21R-1789-07,GTEX-146FQ-1726-SM-5QGPX,TCGA-G9-6332-01A-11R-1789-07,TCGA-KK-A6E2-01A-11R-A311-07,GTEX-11OF3-1726-SM-5GU5Q,TCGA-VN-A88R-01A-11R-A36G-07,TCGA-EJ-5514-01A-01R-1580-07,GTEX-WK11-2626-SM-4OOSK,GTEX-13NYS-1026-SM-5KLZT,GTEX-WFG8-1826-SM-4LVM4,GTEX-WFG7-1826-SM-3GIL1,GTEX-P78B-1826-SM-3P5YX,TCGA-BR-7722-01A-31R-2203-13,TCGA-CG-5720-01A-11R-1602-13,TCGA-VQ-A928-01A-11R-A414-31,TCGA-VQ-A8PJ-01A-11R-A414-31,TCGA-BR-6802-11A-01R-1884-13,TCGA-HU-A4H5-01A-21R-A251-31,TCGA-BR-4361-01A-01R-1157-13,TCGA-BR-8060-01A-11R-2343-13,TCGA-BR-A4IZ-01A-32R-A251-31,GTEX-QLQ7-0826-SM-447B3,GTEX-13111-1226-SM-5GCNC,GTEX-ZPU1-1626-SM-4WWB2,GTEX-12WSD-2326-SM-59HKQ,TCGA-49-6745-01A-11R-1858-07,TCGA-85-7843-01A-11R-2125-07,TCGA-22-1012-01A-01R-0692-07,GTEX-SNOS-0426-SM-32PMH,GTEX-14E7W-1326-SM-5RQIV,TCGA-55-6969-01A-11R-1949-07,TCGA-85-A4JB-01A-51R-A262-07,TCGA-50-7109-01A-11R-2039-07,TCGA-J2-8194-01A-11R-2241-07,GTEX-U3ZH-0526-SM-3DB75,GTEX-OXRL-0526-SM-2I3EZ,TCGA-91-6840-01A-11R-1949-07,GTEX-QV44-0926-SM-2S1RH,TCGA-34-5231-01A-21R-1820-07,GTEX-WYBS-1126-SM-3NMAM,GTEX-12ZZY-0926-SM-5EQ6I,GTEX-XYKS-0526-SM-4BRW2,GTEX-RTLS-0926-SM-2TF5X,TCGA-N5-A4RU-01A-31R-A28V-07,TCGA-NG-A4VU-01A-11R-A28V-07,TCGA-NA-A4QV-01A-11R-A28V-07,GTEX-1117F-2426-SM-5EGGH,TCGA-N8-A4PI-01A-21R-A28V-07,TCGA-N8-A4PL-01A-11R-A28V-07,TCGA-N6-A4VF-01A-31R-A28V-07,TCGA-N5-A4RT-01A-11R-A28V-07,TCGA-NA-A4R1-01A-11R-A28V-07,GTEX-T2IS-2226-SM-4DM65,GTEX-1399U-1326-SM-5IJET,GTEX-P4PP-2026-SM-3P61N,GTEX-ZLWG-1026-SM-4WWC4,GTEX-11EM3-1926-SM-5987U,GTEX-13D11-1226-SM-5IFGA,GTEX-12ZZX-2126-SM-5LZVL,GTEX-OHPL-2026-SM-3TW8R,GTEX-132AR-1526-SM-5KM1L,GTEX-145ME-1326-SM-5O98Q
TCGA-B6-A2IU-01A-32R-A18M-07,TCGA-AR-A252-01A-11R-A169-07,TCGA-E9-A1RB-11A-33R-A157-07,TCGA-BH-A1FU-01A-11R-A14D-07,TCGA-AR-A2LL-01A-11R-A180-07,TCGA-BH-A1FR-01A-11R-A13Q-07,,TCGA-A2-A0CM-01A-31R-A034-07,TCGA-D8-A73U-01A-11R-A33J-07,TCGA-A8-A09D-01A-11R-A00Z-07,TCGA-E2-A1IN-01A-11R-A13Q-07,GTEX-XV7Q-2326-SM-4BRVZ,GTEX-SE5C-2126-SM-4BRUJ,GTEX-T2IS-1526-SM-32QPR,GTEX-W5X1-2326-SM-3GIL6,GTEX-Q2AG-0326-SM-48U1O,GTEX-13QIC-2326-SM-5LU5N,GTEX-11EMC-2026-SM-5A5JV,TCGA-AA-3712-01A-21R-1723-07,TCGA-A6-6653-01A-11R-1774-07,GTEX-QLQ7-1126-SM-4R1KN,TCGA-AA-3489-01A-21R-1839-07,TCGA-D5-6929-01A-31R-1928-07,TCGA-A6-5656-01A-21R-A278-07,TCGA-CM-6170-01A-11R-1653-07,TCGA-D5-6537-01A-11R-1723-07,,TCGA-BR-7958-01A-21R-2343-13,GTEX-P78B-1726-SM-3P5ZV,GTEX-13S86-1626-SM-5Q5C5,GTEX-13OW5-2826-SM-5KM1G,GTEX-ZYVF-2826-SM-5GIDK,GTEX-13RTK-0226-SM-5RQHR,TCGA-CC-A1HT-01A-11R-A131-07,TCGA-DD-AAVY-01A-11R-A41C-07,TCGA-CC-A9FU-01A-11R-A37K-07,TCGA-ED-A7XP-01A-11R-A352-07,GTEX-X4EO-1126-SM-4QARQ,TCGA-4G-AAZO-01A-12R-A41I-07,TCGA-DD-A4NK-01A-11R-A28V-07,GTEX-132NY-0926-SM-5P9G3,TCGA-XR-A8TG-01A-11R-A36F-07,TCGA-CC-A3MA-01A-11R-A213-07,TCGA-DD-A1EC-01A-21R-A131-07,GTEX-UTHO-2426-SM-4JBHD,GTEX-13NZB-0626-SM-5IFH6,GTEX-ZF2S-3026-SM-4WWCH,GTEX-Y5LM-0426-SM-4VBRO,GTEX-ZVT3-1626-SM-5GU66,GTEX-11ZVC-0726-SM-5FQT9,GTEX-QDVN-0826-SM-48TZ2,TCGA-L5-A43C-11A-11R-A24K-31,TCGA-XP-A8T8-01A-11R-A36D-31,TCGA-M9-A5M8-01A-11R-A28J-31,TCGA-KH-A6WC-01A-11R-A336-31,TCGA-L5-A4OE-01A-11R-A260-31,TCGA-LN-A4A8-01A-32R-A260-31,TCGA-L5-A8NS-01A-12R-A37I-31,TCGA-L5-A4OM-11A-11R-A260-31,GTEX-OXRK-1626-SM-3NB17,GTEX-TKQ1-0426-SM-4DXT4,GTEX-13U4I-1326-SM-5KM25,GTEX-U3ZN-1726-SM-4DXUQ,GTEX-11EQ9-1226-SM-5987E,GTEX-13O61-1226-SM-5KM21,TCGA-EJ-7318-01B-11R-A32O-07,TCGA-G9-6384-01A-11R-1789-07,GTEX-14BMV-2326-SM-5RQJ4,TCGA-HC-A631-01A-11R-A29R-07,TCGA-HC-A8CY-01A-11R-A36G-07,TCGA-EJ-7791-01A-11R-2118-07,TCGA-KK-A5A1-01A-11R-A29R-07,TCGA-CH-5769-11A-01R-1580-07,GTEX-13RTJ-2126-SM-5S2PZ,GTEX-YJ8A-1126-SM-5IFJU,GTEX-Y8E4-2126-SM-5RQHO,GTEX-11P7K-0626-SM-5985Z,TCGA-BR-7717-11A-01R-2055-13,TCGA-D7-A6EV-01A-11R-A31P-31,TCGA-HU-A4HB-01A-12R-A251-31,TCGA-CD-A4MJ-01A-11R-A251-31,TCGA-FP-7735-01A-11R-2055-13,TCGA-CG-5734-11A-01R-1602-13,TCGA-VQ-A8P5-01A-11R-A39E-31,TCGA-CG-4440-01A-01R-1157-13,,TCGA-49-AAQV-01A-11R-A39D-07,GTEX-WFON-1126-SM-4LVMA,GTEX-146FR-2026-SM-5NQAI,GTEX-Y5V6-1326-SM-4VDTF,GTEX-13PVQ-2126-SM-5L3FW,TCGA-86-8672-01A-21R-2403-07,TCGA-22-1011-01A-01R-0692-07,TCGA-77-A5GB-01B-11R-A27Q-07,GTEX-RUSQ-0626-SM-2TF5V,TCGA-56-8082-11A-01R-2247-07,TCGA-44-8119-01A-11R-2241-07,TCGA-63-A5MH-01A-12R-A27Q-07,TCGA-55-5899-01A-11R-1628-07,TCGA-55-7727-01A-11R-2170-07,TCGA-55-8619-01A-11R-2403-07,GTEX-RM2N-0426-SM-2TF4T,TCGA-55-7281-01A-11R-2039-07,GTEX-13CF3-0426-SM-5IJEU,TCGA-34-5241-01A-01R-1443-07,GTEX-X4EO-0926-SM-3P5Z2,GTEX-13NYB-0626-SM-5MR47,GTEX-ZZPU-0526-SM-5E44U,GTEX-P4PP-0526-SM-2HMKE,TCGA-N9-A4Q8-01A-31R-A28V-07,TCGA-N5-A4R8-01A-11R-A28V-07,TCGA-NA-A5I1-01A-21R-A28V-07,TCGA-FL-A1YI-11A-11R-A16F-07,TCGA-ND-A4WA-01A-12R-A28V-07,TCGA-NA-A4QY-01A-11R-A28V-07,TCGA-NG-A4VW-01A-11R-A28V-07,TCGA-N8-A4PQ-01A-11R-A28V-07,TCGA-N6-A4V9-01A-11R-A28V-07,TCGA-FL-A1YQ-11A-11R-A32Y-07,GTEX-W5WG-1326-SM-4LMI9,GTEX-QCQG-1326-SM-48U24,GTEX-13QBU-1626-SM-5LU4S,GTEX-WEY5-0726-SM-4LMID,GTEX-T5JW-1526-SM-4DM5E,GTEX-ZAK1-2526-SM-5S2N7,GTEX-12WSG-2126-SM-5EGJ7,GTEX-WWYW-2826-SM-4MVOQ,GTEX-POMQ-1226-SM-3P61F
TCGA-AN-A0XT-01A-11R-A109-07,TCGA-E2-A15I-01A-21R-A137-07,TCGA-BH-A1F2-11A-32R-A13Q-07,TCGA-BH-A0BR-01A-21R-A115-07,TCGA-A8-A09Q-01A-11R-A00Z-07,TCGA-E9-A2JS-01A-11R-A180-07,,TCGA-E9-A3QA-01A-61R-A22K-07,,TCGA-A2-A0SY-01A-31R-A084-07,TCGA-EW-A6S9-01A-22R-A33J-07,TCGA-A7-A0DB-11A-33R-A089-07,GTEX-Y5V5-2126-SM-4WWFO,TCGA-BH-A0BT-11A-21R-A12P-07,GTEX-TML8-1226-SM-32QON,GTEX-XUZC-1626-SM-4BRVP,GTEX-13O3O-0826-SM-5K7WE,GTEX-S341-1526-SM-4AD6K,TCGA-AA-3495-01A-01R-1410-07,TCGA-AZ-6600-01A-11R-1774-07,TCGA-F4-6704-11A-01R-1839-07,TCGA-F4-6569-01A-11R-1774-07,TCGA-F4-6460-01A-11R-1774-07,,TCGA-CA-6719-01A-11R-1839-07,TCGA-AZ-6608-01A-11R-1839-07,,TCGA-D7-A4YU-01A-21R-A251-31,GTEX-XUW1-1926-SM-4BOP1,GTEX-S7SF-1926-SM-4AT5B,GTEX-RWS6-1826-SM-47JXX,GTEX-XAJ8-0726-SM-47JY5,,,TCGA-DD-AAC8-01A-11R-A41C-07,,TCGA-MI-A75I-01A-11R-A32O-07,GTEX-139TS-1426-SM-5IFJD,,TCGA-DD-AAEI-01A-11R-A41C-07,GTEX-139TU-0826-SM-5IJFG,TCGA-FV-A2QR-01A-11R-A213-07,TCGA-2Y-A9H2-01A-12R-A38B-07,,,GTEX-X261-1726-SM-4PQYT,GTEX-ZPU1-0826-SM-57WG2,GTEX-YB5E-0326-SM-5IFHU,GTEX-1399T-0826-SM-5IFES,GTEX-WZTO-0626-SM-4PQYY,GTEX-139YR-0226-SM-5IFEM,TCGA-L5-A4OF-11A-12R-A260-31,TCGA-VR-A8ER-01A-11R-A36D-31,TCGA-R6-A6DN-01B-11R-A31P-31,TCGA-JY-A6FG-01A-11R-A336-31,TCGA-L5-A893-01A-11R-A36D-31,TCGA-LN-A4A5-01A-21R-A260-31,TCGA-L5-A8NF-01A-11R-A37I-31,GTEX-13CF3-1626-SM-5IFG9,GTEX-Y8E4-1526-SM-4WWDI,GTEX-ZV7C-1326-SM-5BC7G,GTEX-132AR-2526-SM-5PNVM,GTEX-PLZ5-0926-SM-3TW8L,GTEX-ZYVF-2726-SM-5GID4,GTEX-WZTO-2126-SM-4PQYW,TCGA-EJ-5509-01A-01R-1580-07,TCGA-EJ-5516-01A-01R-1580-07,GTEX-13FXS-2826-SM-5LZYC,TCGA-G9-6366-01A-11R-2118-07,TCGA-KC-A4BV-01A-31R-A26U-07,TCGA-VP-A87C-01A-11R-A352-07,TCGA-EJ-A46G-01A-31R-A26U-07,TCGA-YL-A8SJ-01B-11R-A37L-07,TCGA-G9-7523-01A-11R-2263-07,GTEX-XGQ4-1826-SM-4AT6F,GTEX-145LV-1226-SM-5S2QH,GTEX-YB5E-1826-SM-5IFI4,GTEX-O5YW-1526-SM-3MJGL,TCGA-VQ-A8PU-01A-12R-A414-31,TCGA-D7-6817-01A-11R-1884-13,TCGA-VQ-A8P3-01A-11R-A36D-31,TCGA-CD-5800-01A-11R-1602-13,TCGA-CG-5720-11A-01R-1602-13,TCGA-BR-7715-01A-11R-2055-13,TCGA-BR-7703-01A-11R-2055-13,,,GTEX-RWS6-0926-SM-47JXE,GTEX-RU1J-0526-SM-46MUT,GTEX-PX3G-1526-SM-48U11,,TCGA-MP-A4T7-01A-11R-A24X-07,TCGA-66-2765-01A-01R-0851-07,TCGA-37-A5EM-01A-21R-A27Q-07,TCGA-77-8008-11A-01R-2187-07,GTEX-ZTPG-0926-SM-5O99H,TCGA-66-2756-01A-01R-0851-07,TCGA-66-2768-01A-01R-0851-07,,TCGA-55-A57B-01A-12R-A39D-07,GTEX-13FTY-0126-SM-5J2NZ,TCGA-50-5931-11A-01R-1858-07,TCGA-78-7143-01A-11R-2039-07,GTEX-132NY-1226-SM-5PNVF,TCGA-55-8204-01A-11R-2241-07,GTEX-13PVQ-0926-SM-5IJFD,GTEX-WZTO-0426-SM-3NM99,GTEX-13111-0426-SM-5DUXR,GTEX-S341-0326-SM-2XCAU,TCGA-N8-A4PP-01A-11R-A28V-07,TCGA-N8-A4PN-01A-11R-A28V-07,TCGA-N8-A56S-01A-11R-A28V-07,GTEX-S7SF-0826-SM-4AD4W,TCGA-NF-A4X2-01A-11R-A28V-07,TCGA-NF-A4WX-01A-11R-A28V-07,TCGA-N6-A4VC-01A-11R-A28V-07,TCGA-N9-A4Q4-01A-11R-A28V-07,TCGA-N9-A4PZ-01A-22R-A28V-07,TCGA-FL-A1YG-11A-12R-A16F-07,TCGA-FL-A1YL-11A-11R-A16F-07,GTEX-TSE9-2626-SM-4DXV2,GTEX-ZXES-0726-SM-5E451,GTEX-WI4N-2426-SM-4OOSC,GTEX-Y114-1826-SM-4TT87,GTEX-12WSD-2826-SM-59HKT,GTEX-13OVI-1026-SM-5L3EM,,GTEX-PX3G-2026-SM-48U1H
TCGA-E9-A227-01A-11R-A157-07,,GTEX-11I78-2226-SM-5PNYA,,TCGA-AR-A24K-01A-11R-A169-07,,,TCGA-AR-A0TU-01A-31R-A109-07,,TCGA-BH-A0BP-01A-11R-A115-07,TCGA-AR-A24T-01A-11R-A169-07,GTEX-13FTX-1126-SM-5N9EN,GTEX-ZZPU-0626-SM-5E43T,GTEX-131XW-0726-SM-5EGK3,GTEX-ZF3C-2326-SM-5S2MZ,GTEX-14AS3-1626-SM-5S2OY,GTEX-VJWN-0726-SM-3GIJ8,GTEX-13FTY-2226-SM-5J1ND,TCGA-AA-3697-01A-01R-1723-07,TCGA-AY-6386-01A-21R-1723-07,TCGA-A6-5659-11A-01R-1653-07,,TCGA-G4-6310-01A-11R-1723-07,,TCGA-CA-5797-01A-01R-1653-07,TCGA-G4-6304-01A-11R-1928-07,,TCGA-FP-7998-01A-11R-2203-13,GTEX-ZZ64-0726-SM-5GZX4,GTEX-PLZ5-1126-SM-3P613,GTEX-13OVJ-1826-SM-5KM2D,GTEX-YJ8A-1726-SM-5P9IQ,,,TCGA-CC-A7IL-01A-11R-A33R-07,,,GTEX-ZVT4-0626-SM-5E45T,,TCGA-2Y-A9HB-01A-11R-A39D-07,TCGA-W5-AA34-11A-11R-A41I-07,TCGA-EP-A3JL-01A-11R-A213-07,,,,GTEX-VUSG-0126-SM-4KL1X,GTEX-U3ZN-0226-SM-3DB8D,GTEX-RM2N-1926-SM-48FCU,GTEX-13NYB-1026-SM-5IFH3,GTEX-11OF3-0726-SM-5BC4Z,,GTEX-12WSG-2026-SM-5FQUU,TCGA-IG-A3QL-01A-11R-A24K-31,TCGA-L5-A8NE-01A-11R-A37I-31,TCGA-IC-A6RF-01A-13R-A336-31,TCGA-L5-A8NW-01A-11R-A37I-31,TCGA-L5-A43J-01A-12R-A24K-31,TCGA-L5-A4OS-01A-11R-A28J-31,GTEX-11ZU8-1526-SM-5EGHX,GTEX-14BMV-2226-SM-5RQHX,GTEX-WRHK-0426-SM-4MVOG,GTEX-13YAN-2026-SM-5Q5EY,GTEX-Y5LM-1026-SM-4VDSQ,GTEX-13QJ3-2726-SM-5SI6L,,TCGA-HC-7738-01A-11R-2118-07,TCGA-KK-A8I5-01A-11R-A36G-07,GTEX-132NY-2826-SM-5P9G2,TCGA-CH-5744-01A-11R-1580-07,TCGA-HC-A632-01A-11R-A29R-07,GTEX-QMRM-1426-SM-4R1K8,TCGA-CH-5761-01A-11R-1580-07,,TCGA-EJ-A6RC-01A-11R-A32O-07,GTEX-11ZUS-2126-SM-5N9E6,GTEX-ZTTD-2726-SM-57WFA,GTEX-U3ZM-0926-SM-4DXSW,GTEX-POMQ-0826-SM-3P61H,TCGA-D7-6527-01A-11R-1802-13,TCGA-BR-8486-01A-31R-2402-13,TCGA-BR-6852-01A-11R-1884-13,,TCGA-BR-7716-11A-01R-2055-13,,TCGA-VQ-A94R-01A-11R-A414-31,,,GTEX-XBED-1226-SM-4AT5V,GTEX-YEC3-1426-101806-SM-5PNXX,GTEX-11I78-1726-SM-5A5M3,,TCGA-69-8253-01A-11R-2287-07,,,GTEX-T6MO-0426-SM-32QOI,TCGA-56-7730-11A-01R-2125-07,,TCGA-J1-A4AH-01A-31R-A24H-07,,,GTEX-X3Y1-0626-SM-3P5YS,TCGA-56-8201-11A-01R-2247-07,,GTEX-13OVJ-0726-SM-5KM1W,,GTEX-YFC4-1126-SM-5RQJN,GTEX-QEG4-0526-SM-48TZD,GTEX-1399U-0826-SM-5KM1P,,,TCGA-N9-A4Q1-01A-11R-A28V-07,,TCGA-FL-A1YF-11A-12R-A16F-07,TCGA-N8-A4PM-01A-11R-A28V-07,TCGA-N6-A4VG-01A-31R-A28V-07,,,,TCGA-FL-A3WE-11A-11R-A22K-07,TCGA-FL-A1YN-11A-11R-A32Y-07,GTEX-S32W-1426-SM-4AD66,GTEX-ZP4G-0726-SM-4WWF2,GTEX-RU1J-1026-SM-46MUR,,GTEX-113JC-2226-SM-5EGJG,GTEX-Y3IK-2126-SM-4YCDS,,GTEX-YJ8O-1126-SM-5P9IS
,,GTEX-Y114-2026-SM-4TT7L,,TCGA-E2-A15T-01A-11R-A115-07,,,,,,,GTEX-YJ8O-2226-SM-5IFHW,GTEX-S4UY-0726-SM-4AD6X,GTEX-ZC5H-2626-SM-5J2MG,GTEX-ZVZQ-0826-SM-51MRF,,,GTEX-XUJ4-1926-SM-4BOOV,TCGA-CM-5860-01A-01R-1653-07,TCGA-D5-6931-01A-11R-1928-07,TCGA-AZ-6600-11A-01R-1774-07,,TCGA-CM-5862-01A-01R-1653-07,,TCGA-AU-3779-01A-01R-1723-07,TCGA-AG-3742-01A-11R-1660-07,,,GTEX-144GN-1126-SM-5LU33,GTEX-YB5E-1626-SM-5IFIQ,GTEX-11I78-1326-SM-5PNY9,GTEX-13U4I-2626-SM-5SI9C,,,TCGA-EP-A2KC-01A-11R-A213-07,,,TCGA-BC-A10Z-11A-11R-A131-07,,TCGA-ZP-A9CV-01A-11R-A38B-07,GTEX-P78B-1326-SM-3P611,TCGA-DD-A73F-01A-11R-A32O-07,,,,TCGA-BC-A10X-01A-11R-A131-07,GTEX-14AS3-0126-SM-5Q5F4,GTEX-S4Z8-0526-SM-4AD4T,GTEX-XBEC-1526-SM-4AT68,GTEX-ZYT6-0626-SM-5E45V,,,TCGA-IG-A625-01A-11R-A31P-31,TCGA-V5-AASW-01A-11R-A406-31,TCGA-L5-A8NK-01A-21R-A37I-31,TCGA-Q9-A6FW-01A-31R-A31P-31,TCGA-JY-A6FE-01A-11R-A336-31,TCGA-IC-A6RE-01A-11R-A336-31,GTEX-WRHK-0526-SM-4MVOF,,GTEX-T6MO-0626-SM-4DM6P,GTEX-WYVS-0826-SM-4RTXB,TCGA-IN-8462-11A-01R-2343-13,GTEX-T5JC-1926-SM-4DM6Q,,TCGA-V1-A8MG-01A-11R-A36G-07,TCGA-EJ-5515-01A-01R-1580-07,GTEX-WOFM-0326-SM-4OOSL,TCGA-CH-5765-01A-11R-1580-07,TCGA-XK-AAIW-01A-11R-A41O-07,GTEX-S95S-1026-SM-4B64M,,,GTEX-ZVP2-0826-SM-59HJ6,GTEX-QV44-1526-SM-4R1KI,,GTEX-145LT-0626-SM-5O99E,,TCGA-D7-8575-01A-11R-2343-13,TCGA-D7-A6F2-01A-12R-A31P-31,TCGA-BR-4363-01A-01R-1157-13,,,,TCGA-BR-8361-01A-11R-2343-13,,,GTEX-144GN-1226-SM-5O991,GTEX-11P82-0726-SM-5PNYL,GTEX-QLQW-0726-SM-447AA,,TCGA-MP-A4SY-01A-21R-A24X-07,,,GTEX-O5YT-0526-SM-32PK8,GTEX-14A6H-0526-SM-5NQAZ,,,,,,GTEX-X4LF-0526-SM-3NMB6,,,,GTEX-13FHO-1026-SM-5KM1Q,GTEX-14ABY-1126-SM-5Q5F8,GTEX-WY7C-0426-SM-3NB3C,,,TCGA-NA-A4QX-01A-11R-A28V-07,,,,,,,,,TCGA-FL-A1YV-11A-12R-A32Y-07,,GTEX-11DXX-1526-SM-5H115,GTEX-ZTPG-2026-SM-5O999,,GTEX-131YS-2326-SM-5IJFJ,GTEX-P4QT-2026-SM-3NMCJ,,GTEX-PWN1-2026-SM-48TD9
,,GTEX-1122O-1226-SM-5H113,,,,,,,,,TCGA-A7-A13G-11A-51R-A13Q-07,TCGA-BH-A18Q-11A-34R-A12D-07,TCGA-BH-A0HA-11A-31R-A12P-07,,,,,TCGA-AA-3685-01A-02R-A32Z-07,TCGA-A6-6141-01A-11R-1774-07,GTEX-WQUQ-2526-SM-4MVNO,,,,TCGA-CM-6677-01A-11R-1839-07,TCGA-DM-A1D9-01A-11R-A155-07,,,GTEX-13VXT-2426-SM-5LU46,GTEX-147F3-1926-SM-5SIB9,GTEX-ZF28-2526-SM-57WFH,GTEX-11ZVC-2126-SM-5EGJ1,,,TCGA-DD-A4NF-01A-11R-A27V-07,,,TCGA-DD-A1EG-11A-11R-A213-07,,TCGA-DD-AACS-01A-11R-A41C-07,TCGA-DD-A3A5-11A-11R-A22L-07,,,,,,GTEX-OOBJ-0826-SM-3NB2K,GTEX-ZF29-2026-SM-4WWB7,GTEX-T6MN-1226-SM-3NMA5,GTEX-SJXC-1226-SM-4DM78,,,TCGA-LN-A8I0-01A-11R-A36D-31,TCGA-L5-A88V-01A-11R-A354-31,TCGA-VR-A8EP-01A-31R-A406-31,,TCGA-LN-A49K-01A-11R-A24K-31,TCGA-2H-A9GO-01A-11R-A37I-31,GTEX-T5JC-1726-SM-4DM6U,,GTEX-13OVG-1026-SM-5KLZ3,GTEX-ZAK1-1826-SM-5HL93,GTEX-11P7K-1326-SM-5BC5G,GTEX-1211K-1426-SM-5FQTF,,TCGA-XJ-A83G-01A-11R-A352-07,TCGA-J4-8198-01A-11R-2263-07,GTEX-RWSA-2026-SM-47JX8,TCGA-FC-A5OB-01A-11R-A29R-07,,TCGA-EJ-7792-11A-01R-2118-07,,,GTEX-14E6E-1126-SM-5S2R4,GTEX-UTHO-2726-SM-4JBH9,,GTEX-132QS-1126-SM-5P9GC,,,,,,,,,,,GTEX-U3ZN-2026-SM-4DXUC,GTEX-OIZH-1526-SM-3NB1J,GTEX-111CU-0926-SM-5EGIK,,TCGA-73-4675-01A-01R-1206-07,,,,GTEX-13OW6-0826-SM-5L3GA,,,,,,GTEX-UJHI-0726-SM-3DB92,,,,GTEX-11NV4-1126-SM-5HL6J,,GTEX-YB5E-0726-SM-4VDSH,,,TCGA-N7-A4Y5-01A-12R-A28V-07,,,,,,,,,,,,,,GTEX-14BIM-2226-SM-5SI8Y,,,
,,GTEX-ZPIC-1126-SM-5BC7F,,,,,,,,,,TCGA-BH-A18K-11A-13R-A12D-07,GTEX-XOT4-0726-SM-4GIAW,,,,,TCGA-AZ-5407-01A-01R-1723-07,,GTEX-13O3P-2326-SM-5KM55,,,,,TCGA-CK-5912-01A-11R-1653-07,,,,GTEX-Q2AI-0926-SM-48U1F,GTEX-12696-1926-SM-5EGJT,,,,TCGA-DD-A1EE-01A-11R-A131-07,,,,,,TCGA-G3-A5SK-01A-11R-A27V-07,,,,,,,,,,,,TCGA-LN-A4A4-01A-11R-A260-31,TCGA-L5-A8NH-01A-11R-A37I-31,,,TCGA-LN-A49N-01A-11R-A24K-31,,GTEX-ZZ64-0226-SM-5E44X,,GTEX-Y3I4-0926-SM-4TT2B,GTEX-Y5V5-1526-SM-4VBQ1,GTEX-132AR-2226-SM-5J2NT,,,TCGA-EJ-5505-01A-01R-1580-07,,GTEX-11TUW-2126-SM-5GU7B,TCGA-CH-5794-01A-11R-1580-07,,TCGA-HC-8266-01A-11R-2263-07,,,GTEX-11EQ9-1726-SM-5HL6U,TCGA-CH-5767-11B-01R-1789-07,,GTEX-Q2AI-1126-SM-48U19,,,,,,,,,,,GTEX-13FTX-0726-SM-5N9BI,GTEX-ZV6S-0926-SM-57WGB,GTEX-ZP4G-1226-SM-4WWCJ,,,,,,TCGA-49-4512-11A-01R-1858-07,,,,,,GTEX-RWS6-0226-SM-2XCA9,,,,GTEX-13OW5-0726-SM-5KLZK,,GTEX-11NSD-0326-SM-5A5LS,,,,,,,,,,,,,,,,,GTEX-11EMC-1826-SM-5A5JT,,,
,,GTEX-13113-1726-SM-5GCOO,,,,,,,,,,GTEX-13W3W-1226-SM-5LU4H,GTEX-WYBS-0926-SM-3NM94,,,,,,,GTEX-11ONC-1926-SM-5GU75,,,,,TCGA-DM-A28H-01A-11R-A16W-07,,,,GTEX-ZT9W-1826-SM-51MQX,GTEX-WI4N-2226-SM-4OOS9,,,,,,,,,,GTEX-145MO-2326-SM-5NQ9K,,,,,,,,,,,,TCGA-Q9-A6FU-01A-11R-A31P-31,,,,,,,,GTEX-ZPCL-1226-SM-4WWFF,GTEX-139D8-1426-SM-5IJEX,GTEX-S32W-0926-SM-4AD5X,,,TCGA-KK-A8IB-01A-11R-A36G-07,,GTEX-SJXC-2026-SM-4DM6N,TCGA-CH-5790-01A-11R-1580-07,,GTEX-11O72-2726-SM-5HL6K,,,,GTEX-111YS-1726-SM-5GIED,,GTEX-V1D1-1926-SM-4JBGX,,,,,,,,,,,,GTEX-R55D-1526-SM-48FEJ,,,,,,,,,,,,,GTEX-ZT9W-0726-SM-4YCDC,,,,,,,,,,,,,,,,,,,,,,,,,,
,,,,,,,,,,,,GTEX-ZF29-1926-SM-5S2P1,,,,,,,,,,,,,,,,,GTEX-T5JW-1126-SM-4DM5V,GTEX-147JS-2626-SM-5S2UX,,,,,,,,,,TCGA-W5-AA2U-11A-11R-A41I-07,,,,,,,,,,,,TCGA-Z6-A9VB-01A-21R-A37I-31,,,,,,,,GTEX-Y8E4-1926-SM-4VBPW,GTEX-ZYVF-2326-SM-5E44Z,GTEX-13QBU-1026-SM-5LU3R,,,,,GTEX-WZTO-0926-SM-4PQZ3,,,,,,,GTEX-13O61-1726-SM-5KM46,,GTEX-ZTX8-1026-SM-5EGHD,,,,,,,,,,,,GTEX-UPIC-1826-SM-4IHKC,,,,,,,,,,,,,,,,,,,,,,,,,,,,,,,,,,,,,,,
,,,,,,,,,,,,GTEX-T6MO-0326-SM-32QOK,,,,,,,,,,,,,,,,,GTEX-OIZH-1426-SM-3NB1O,GTEX-X5EB-0926-SM-46MVT,,,,,,,,,,GTEX-13113-1326-SM-5GCOI,,,,,,,,,,,,TCGA-LN-A7HW-01A-22R-A354-31,,,,,,,,GTEX-ZZPU-1826-SM-5E43L,GTEX-U8XE-1826-SM-4E3HV,GTEX-14E1K-1226-SM-5S2PD,,,,,GTEX-X5EB-1826-SM-4E3K8,,,,,,,GTEX-148VJ-1826-SM-5Q5DV,,GTEX-139T6-1526-SM-5P9G6,,,,,,,,,,,,GTEX-S4P3-0726-SM-4AD57,,,,,,,,,,,,,,,,,,,,,,,,,,,,,,,,,,,,,,,
,,,,,,,,,,,,,,,,,,,,,,,,,,,,,GTEX-P4PP-1426-SM-3NM9L,GTEX-XUJ4-2126-SM-4BOOX,,,,,,,,,,,,,,,,,,,,,,,,,,,,,,GTEX-XBED-0926-SM-48TCE,GTEX-ZYW4-1426-SM-5SIAX,,,,,,GTEX-XMK1-1026-SM-4B65H,,,,,,,GTEX-131XF-1926-SM-5DUW4,,,,,,,,,,,,,,,,,,,,,,,,,,,,,,,,,,,,,,,,,,,,,,,,,,,,,
,,,,,,,,,,,,,,,,,,,,,,,,,,,,,GTEX-U3ZM-1126-SM-4DXUB,GTEX-132NY-2726-SM-5PNY2,,,,,,,,,,,,,,,,,,,,,,,,,,,,,,GTEX-ZYWO-0926-SM-5E43J,GTEX-14BIM-1226-SM-5SIBC,,,,,,,,,,,,,GTEX-RM2N-1126-SM-48FCY,,,,,,,,,,,,,,,,,,,,,,,,,,,,,,,,,,,,,,,,,,,,,,,,,,,,,
,,,,,,,,,,,,,,,,,,,,,,,,,,,,,GTEX-131XG-1826-SM-5LZV4,GTEX-13QBU-2026-SM-5KLZB,,,,,,,,,,,,,,,,,,,,,,,,,,,,,,GTEX-11ZTT-0926-SM-5EQMS,GTEX-14E7W-1926-SM-5S2R9,,,,,,,,,,,,,GTEX-OOBJ-2026-SM-3NB1R,,,,,,,,,,,,,,,,,,,,,,,,,,,,,,,,,,,,,,,,,,,,,,,,,,,,,
,,,,,,,,,,,,,,,,,,,,,,,,,,,,,GTEX-OXRK-1726-SM-3NB16,GTEX-11EMC-1426-SM-5N9E4,,,,,,,,,,,,,,,,,,,,,,,,,,,,,,GTEX-ZVZP-1426-SM-5NQ7R,GTEX-XQ3S-1026-SM-4BOPJ,,,,,,,,,,,,,GTEX-13OW8-0426-SM-5J2NR,,,,,,,,,,,,,,,,,,,,,,,,,,,,,,,,,,,,,,,,,,,,,,,,,,,,,
,,,,,,,,,,,,,,,,,,,,,,,,,,,,,,GTEX-WHPG-1626-SM-4M1ZL,,,,,,,,,,,,,,,,,,,,,,,,,,,,,,TCGA-HU-A4G3-11A-11R-A24K-31,,,,,,,,,,,,,,,,,,,,,,,,,,,,,,,,,,,,,,,,,,,,,,,,,,,,,,,,,,,,,,,,,,,
,,,,,,,,,,,,,,,,,,,,,,,,,,,,,,,,,,,,,,,,,,,,,,,,,,,,,,,,,,,,GTEX-XQ8I-1626-SM-4BOOI,,,,,,,,,,,,,,,,,,,,,,,,,,,,,,,,,,,,,,,,,,,,,,,,,,,,,,,,,,,,,,,,,,,
