Cluster 1,Cluster 2,Cluster 3,Cluster 4,Cluster 5,Cluster 6,Cluster 7,Cluster 8,Cluster 9,Cluster 10,Cluster 11,Cluster 12,Cluster 13,Cluster 14,Cluster 15,Cluster 16,Cluster 17,Cluster 18,Cluster 19,Cluster 20,Cluster 21,Cluster 22,Cluster 23,Cluster 24,Cluster 25,Cluster 26,Cluster 27,Cluster 28,Cluster 29,Cluster 30,Cluster 31,Cluster 32,Cluster 33,Cluster 34,Cluster 35,Cluster 36,Cluster 37,Cluster 38,Cluster 39,Cluster 40,Cluster 41,Cluster 42,Cluster 43,Cluster 44,Cluster 45,Cluster 46,Cluster 47,Cluster 48,Cluster 49,Cluster 50
,GTEX-WFON-1926-SM-3LK7L,GTEX-WHPG-0426-SM-4M1XW,GTEX-1NUQO-2226-SM-E9U68,GTEX-1K9T9-1826-SM-CXZK2,GTEX-1S5ZU-2526-SM-E6CIF,GTEX-PLZ4-1226-SM-2I5FE,GTEX-NPJ7-0011-R2a-SM-2I3GF,GTEX-11EMC-3226-SM-5EGKW,GTEX-1B97J-1226-SM-7PBZR,GTEX-1AX9K-1526-SM-73KVP,,GTEX-13PVR-0726-SM-5S2PX,GTEX-1MCQQ-2226-SM-DLHC4,GTEX-T5JW-0226-SM-4DM7I,GTEX-13OVK-0826-SM-7KULZ,GTEX-ZDTT-0326-SM-4WKF9,GTEX-1CAMR-1526-SM-79OLP,GTEX-1C2JI-0008-SM-EXOHZ,GTEX-1IDJH-2926-SM-C1YQ5,GTEX-1EMGI-2726-SM-7P8S4,GTEX-18465-0226-SM-7LG5M,GTEX-1JMLX-2326-SM-CXZJP,GTEX-17HHE-0005-SM-7P8OT,GTEX-1GZ2Q-2626-SM-7MXV9,GTEX-14BMU-0726-SM-73KXS,GTEX-147F4-3126-SM-5TDDF,GTEX-XGQ4-1326-SM-4GIDU,GTEX-13SLX-1226-SM-5S2Q6,GTEX-XGQ4-0005-SM-4AT5U,GTEX-13FTX-2026-SM-5L3D6,GTEX-14PJM-0011-R8b-SM-69LPD,GTEX-13JVG-0226-SM-5J1MW,GTEX-1RAZS-1226-SM-E8VMT,GTEX-ZZPT-1326-SM-5E43H,GTEX-1KANA-1226-SM-DHXKE,GTEX-1RB15-1126-SM-E8VMX,GTEX-P44G-0011-R11A-SM-2I3FD,GTEX-WHSB-0326-SM-5FQSD,GTEX-WH7G-2226-SM-3NMBN,GTEX-1GN73-1626-SM-9WYTS,GTEX-Q734-0326-SM-48U15,GTEX-15RIE-0126-SM-7KUF8,GTEX-13NYB-0926-SM-5IFFA,,,GTEX-OXRL-0005-SM-3LK6A,GTEX-1JKYN-0126-SM-AHZ4C,GTEX-WOFM-1626-SM-3MJFX,GTEX-1PPGY-2826-SM-DTX9H
,GTEX-1399R-1326-SM-5PNYS,GTEX-1JK1U-0926-SM-AHZ43,,GTEX-17HHY-2326-SM-7KFSR,GTEX-1I1GU-0926-SM-ACKVS,GTEX-POYW-0826-SM-2XCEM,GTEX-148VJ-0011-R3b-SM-69LQJ,GTEX-11ZUS-2926-SM-5FQSL,GTEX-13N11-2726-SM-5L3ER,GTEX-WWTW-0626-SM-4MVNS,,GTEX-1RAZA-1626-SM-EV79I,GTEX-12WSL-2126-SM-5GCNG,GTEX-1M5QR-0926-SM-DHXK8,GTEX-1HBPN-2326-SM-9WPPU,GTEX-14E6D-0926-SM-5S2QV,GTEX-1HBPN-2226-SM-9WPNR,GTEX-SNMC-0008-SM-4DM5A,GTEX-1EH9U-3226-SM-7MKGR,GTEX-1B996-1726-SM-7IGMW,GTEX-1R7EV-1526-SM-E8VOD,GTEX-T8EM-0526-SM-4DM64,GTEX-1PPH7-0005-SM-CKZNE,GTEX-14JFF-0526-SM-62LFL,GTEX-1K9T9-1726-SM-CXZK1,GTEX-12696-3126-SM-5FQUX,GTEX-11XUK-1426-SM-5EQMG,GTEX-12ZZZ-1326-SM-59HKW,GTEX-14PKU-0005-SM-9KNTL,GTEX-145LV-2326-SM-5LU8Z,GTEX-1HBPH-0011-R8b-SM-CL556,GTEX-11PRG-1526-SM-5HL6Z,GTEX-17EUY-1926-SM-7DUF6,GTEX-1JMOU-0526-SM-CNNPE,GTEX-1CB4E-0126-SM-7DHMX,GTEX-12WSD-2326-SM-59HKQ,GTEX-1EU9M-2926-SM-793DF,GTEX-WHPG-1426-SM-3NMBB,,GTEX-1B97I-0826-SM-731DN,GTEX-1R9JW-0826-SM-DPRZJ,GTEX-12WSA-1626-SM-5EGJV,GTEX-1JKYR-2126-SM-CNNPC,,,GTEX-1AX9I-0005-SM-9MQKI,GTEX-S3XE-0126-SM-4AD4R,GTEX-1J8QM-2626-SM-CYPSM,GTEX-11ONC-1926-SM-5GU75
,GTEX-1GF9U-2026-SM-7SB92,,,GTEX-11GS4-2326-SM-5A5KS,GTEX-17KNJ-2326-SM-7DHLQ,GTEX-1MGNQ-0726-SM-DPRYH,GTEX-1HB9E-2926-SM-D4P3S,GTEX-131XW-0011-R10a-SM-5DUVA,GTEX-13O21-1726-SM-5MR5A,GTEX-1IE54-0326-SM-ARZMD,,GTEX-PSDG-1526-SM-48TCY,GTEX-13NYB-2426-SM-5IFF4,,GTEX-147GR-2726-SM-664OO,GTEX-131XF-0426-SM-5HL7U,GTEX-1QAET-1926-SM-DPRZG,GTEX-17HHE-2326-SM-793C5,GTEX-14A5H-3026-SM-5RQHV,GTEX-1192X-2526-SM-59868,GTEX-UTHO-1826-SM-3GAFE,GTEX-1JKYN-1526-SM-CGQGA,GTEX-13CF3-0006-SM-5N9ED,,GTEX-15FZZ-0626-SM-7KFTO,GTEX-13PLJ-1726-SM-5L3FT,GTEX-ZXES-1526-SM-5NQ95,GTEX-1F75A-1626-SM-9JGGT,GTEX-ZV7C-0005-SM-57WDL,,GTEX-WHSE-0011-R8A-SM-3P5Z1,GTEX-U8T8-2226-SM-3DB95,GTEX-145MO-0826-SM-5NQBL,GTEX-ZWKS-2826-SM-5NQ74,GTEX-S341-1126-SM-4AD6T,GTEX-1RB15-1026-SM-E9U6V,GTEX-18A6Q-2826-SM-7LTAO,GTEX-13CF3-0426-SM-5IJEU,,GTEX-1E1VI-2726-SM-7MXVH,GTEX-148VI-0626-SM-5TDDH,GTEX-18QFQ-1326-SM-731CF,GTEX-WFG8-1226-SM-4V6EI,,,,GTEX-1GL5R-1026-SM-7P8U1,GTEX-18D9B-0226-SM-731CV,GTEX-1J1R8-1126-SM-CNPQ3
,GTEX-11WQK-1026-SM-5EQLX,,,GTEX-1N2DW-1826-SM-EAZ54,GTEX-1QP2A-0126-SM-E9J43,GTEX-17F9E-0626-SM-79ON5,GTEX-1H2FU-0011-R4a-SM-CL551,GTEX-11NUK-0011-R5a-SM-DO93N,GTEX-147JS-0526-SM-5TDD3,GTEX-14H4A-1726-SM-5ZZUV,,GTEX-ZAB4-1726-SM-5HL8C,GTEX-1KANC-1326-SM-CYPT8,,GTEX-1QMI2-2626-SM-E6CR4,GTEX-18465-0926-SM-731AY,GTEX-WK11-0326-SM-4OOS6,GTEX-TMMY-1026-SM-4DXTI,GTEX-11ZUS-3026-SM-5EGI4,GTEX-111CU-0826-SM-5EGIJ,GTEX-Y3I4-1526-SM-4TT7K,GTEX-T6MO-0526-SM-4DM6R,GTEX-1RDX4-0005-SM-DLHBS,,GTEX-OIZF-1026-SM-2HML5,,GTEX-1JK1U-1226-SM-CNNPN,GTEX-145MF-0826-SM-5QGQA,GTEX-YF7O-0005-SM-4W1ZU,,GTEX-13OW6-0011-R8a-SM-5L3GF,GTEX-QDT8-0226-SM-32PL4,GTEX-1H1CY-2226-SM-9WG7E,GTEX-QEG4-0526-SM-48TZD,GTEX-1399R-0006-SM-5N9FR,GTEX-UJMC-1226-SM-4IHLI,GTEX-S7SE-0011-R11A-SM-2XCDD,GTEX-1QP29-1226-SM-E6CQ1,,GTEX-U4B1-1426-SM-4DXTX,GTEX-1B8SG-1326-SM-79ONT,GTEX-ZE9C-1326-SM-5S2OW,GTEX-OHPK-2526-SM-3MJH9,,,,GTEX-1CB4F-0126-SM-9JGGZ,GTEX-14BIL-0426-SM-5SIA3,GTEX-14BMU-1526-SM-5TDE6
,GTEX-ZYFD-0626-SM-5E44E,,,GTEX-1I1GP-1926-SM-CNNQU,GTEX-T8EM-1026-SM-3DB7M,GTEX-ZF29-0726-SM-DO92H,GTEX-1I1GV-0011-R1a-SM-CL559,GTEX-1EX96-0011-R6a-SM-9OSVV,GTEX-1IL2U-0726-SM-EAZ2Y,GTEX-13O1R-0526-SM-5K7XU,,GTEX-R55D-1426-SM-48FEN,GTEX-17MFQ-1626-SM-7938Z,,GTEX-144GL-2526-SM-5TDDL,GTEX-ZZPT-0926-SM-5GICZ,GTEX-14A6H-2326-SM-5Q5B5,GTEX-1A32A-2826-SM-72D5S,GTEX-14C39-2926-SM-73KU3,GTEX-WY7C-1926-SM-4ONCI,GTEX-1QCLZ-2326-SM-DTXDO,GTEX-XXEK-0326-SM-4BRVV,GTEX-1GN73-0005-SM-ACKVI,,GTEX-11TT1-0326-SM-5LUAY,,GTEX-13OVI-1926-SM-5IJCG,GTEX-1HBPH-2626-SM-A96TV,GTEX-14E1K-0006-SM-5N9DY,,GTEX-13FXS-0011-R8a-SM-5J1MN,GTEX-15SDE-0006-SM-7PC19,GTEX-15SHW-1326-SM-6PAL8,GTEX-11WQC-0626-SM-5EQMF,GTEX-Y8LW-0126-SM-4VBS1,GTEX-1JMPZ-1826-SM-CXZJT,GTEX-T2IS-0011-R11A-SM-32QPC,GTEX-15UKP-1926-SM-6LPI9,,GTEX-XGQ4-1826-SM-4AT6F,GTEX-14E1K-0326-SM-5S2PE,GTEX-XOT4-0826-SM-4B66Y,GTEX-1GMR8-1826-SM-9WYUE,,,,GTEX-14DAR-1726-SM-664MZ,GTEX-ZYFC-0626-SM-5GIDR,GTEX-1N2DV-1426-SM-DPRYQ
,GTEX-XK95-0226-SM-4AT58,,,GTEX-REY6-1826-SM-EAZAT,GTEX-18D9B-0926-SM-7LG4U,GTEX-1LSVX-0726-SM-E9TJG,GTEX-139T8-0011-R3b-SM-5HL4R,GTEX-1JJEA-0011-R6a-SM-EXUS1,GTEX-1HSMQ-1326-SM-ADEHS,,,GTEX-QMRM-0326-SM-CKZNB,GTEX-1GN1W-1326-SM-9JGHZ,,GTEX-1399U-1826-SM-5PNZ1,GTEX-1IKJJ-0626-SM-CY8GF,GTEX-1IOXB-1526-SM-A96T6,GTEX-1C64O-0526-SM-793D6,GTEX-WVLH-3126-SM-3MJGA,GTEX-14C5O-1726-SM-5RQI9,GTEX-1HFI7-2026-SM-CGQFR,GTEX-11NUK-1426-SM-5HL68,GTEX-11WQK-0005-SM-5O9AV,,GTEX-17HGU-2026-SM-79OKS,,GTEX-13CF3-1226-SM-5LZXN,,GTEX-183FY-0005-SM-9KNTO,,GTEX-1GN2E-0011-R8a-SM-CE6RK,,GTEX-QVJO-1826-SM-447C9,GTEX-QDT8-0926-SM-32PL2,GTEX-R3RS-0226-SM-EYYVE,GTEX-13X6J-2126-SM-5TDCV,GTEX-1128S-2826-SM-5N9DI,GTEX-1L5NE-0726-SM-CXZKQ,,GTEX-13OW8-0426-SM-5J2NR,GTEX-VUSG-0126-SM-4KL1X,GTEX-Y114-1326-SM-4TT9A,GTEX-1QCLZ-1626-SM-E9U5R,,,,GTEX-13OW6-1726-SM-5IJGI,GTEX-1J8EW-0426-SM-CYPSY,GTEX-S4UY-0826-SM-4AD4Z
,GTEX-SNOS-1426-SM-32PLY,,,GTEX-14C5O-2026-SM-5YYB1,GTEX-13SLX-2226-SM-62LEP,GTEX-ZT9X-0226-SM-51MT2,GTEX-ZE9C-0011-R2a-SM-4WKGH,GTEX-1GF9W-2626-SM-7P8TA,GTEX-144GM-2026-SM-5LU3D,,,GTEX-QV31-0226-SM-447BO,GTEX-11NV4-1926-SM-5N9D4,,GTEX-13O3O-2526-SM-5L3DR,GTEX-1HCVE-0826-SM-CM2SF,GTEX-S33H-0126-SM-4AD62,GTEX-1HBPH-0326-SM-CM2S8,GTEX-17HHY-3126-SM-7KFSG,GTEX-1CAMR-1026-SM-7P8QI,GTEX-1RAZA-0926-SM-E6CQ8,GTEX-18A6Q-1226-SM-7KFS9,GTEX-1LH75-0006-SM-CXZIP,,GTEX-1QAET-1326-SM-E9U64,,,,GTEX-1S3DN-0006-SM-DO127,,,,GTEX-1I6K7-1026-SM-A9SLK,GTEX-13G51-0426-SM-5K7Z5,GTEX-WZTO-0001-SM-4PQZY,GTEX-1QCLY-1126-SM-EAZ4J,GTEX-14BIN-3326-SM-5Q5E6,GTEX-13OW8-1726-SM-5L3GO,,GTEX-1I6K7-2326-SM-ARZM2,,GTEX-1JMQK-1326-SM-CNPOR,GTEX-1LVAM-1926-SM-E6CIM,,,,GTEX-18A7A-2626-SM-7LG6L,GTEX-1GN1U-0326-SM-9MQLT,GTEX-Y8E4-2426-SM-4WWDN
,,,,GTEX-1R9PO-1626-SM-E6CPT,GTEX-1JK1U-2026-SM-CM2RZ,GTEX-11TUW-0226-SM-5LU8X,GTEX-13X6J-0011-R8b-SM-5PNUA,GTEX-1EN7A-0011-R3a-SM-9OSVT,GTEX-14PK6-2126-SM-6ETZV,,,,,,GTEX-17F9E-1826-SM-7IGMC,GTEX-11GS4-0426-SM-5N9CD,GTEX-11ONC-2226-SM-5HL6D,GTEX-12ZZX-0626-SM-5EQ46,GTEX-13VXU-3126-SM-5SIA4,GTEX-15RIF-1126-SM-7KUG2,GTEX-Z9EW-1526-SM-EZ6LU,GTEX-13OVI-2626-SM-5KM4T,GTEX-1JMPZ-0006-SM-DHXJ9,,,,,,GTEX-1AX8Z-0006-SM-9KNVB,,,,,GTEX-SIU8-0926-SM-COH1X,GTEX-1AYD5-2326-SM-73KXF,GTEX-ZZPU-1426-SM-5GZZ6,GTEX-1KD4Q-0011-R11b-SM-EXOIE,GTEX-18D9U-0526-SM-72D7C,,GTEX-WFG8-1826-SM-4LVM4,,,GTEX-16NGA-1626-SM-72D6M,,,,GTEX-1F52S-2226-SM-7MXVE,GTEX-1CB4F-0626-SM-9MQLI,GTEX-WYVS-1826-SM-4OND6
,,,,GTEX-1GMR3-2426-SM-7MXV2,GTEX-14E7W-0126-SM-6LLJ9,GTEX-1C2JI-0326-SM-7EWFD,GTEX-13NYB-0011-R1b-SM-5KM4F,GTEX-13O3Q-0011-R7a-SM-5KM38,GTEX-1S82Y-2226-SM-EWRNV,,,,,,GTEX-1J1OQ-2726-SM-AHZ3R,GTEX-UJMC-0526-SM-3GAE3,GTEX-S4Z8-2126-SM-4AD5H,GTEX-1R46S-0726-SM-E9J42,GTEX-1C6VQ-3126-SM-7MKGH,GTEX-144FL-2626-SM-5TDCW,GTEX-ZDXO-0126-SM-5S2ND,GTEX-11EMC-2226-SM-5A5JW,GTEX-1QMI2-0006-SM-CY8H1,,,,,,GTEX-1MJIX-0006-SM-DKPPU,,,,,GTEX-1OJC4-0626-SM-DTXEY,GTEX-1I1GQ-1026-SM-CNNQS,GTEX-15DCE-1626-SM-6LPJM,GTEX-1NV8Z-3026-SM-DTX8Z,GTEX-OIZH-0526-SM-2HMKV,,GTEX-1EH9U-1826-SM-7P8QL,,,GTEX-ZP4G-0826-SM-4WWF3,,,,GTEX-14C38-1726-SM-5RQJC,GTEX-14PHX-2526-SM-62LEO,GTEX-11DXX-1826-SM-5H126
,,,,,GTEX-1JKYR-0626-SM-ARL8R,GTEX-13OVG-0226-SM-5LU93,GTEX-14E7W-0011-R9a-SM-62LE6,GTEX-1GMRU-0011-R7b-SM-A96TJ,GTEX-139T6-2026-SM-5IFFL,,,,,,GTEX-T5JW-1026-SM-EZ6LR,GTEX-1CAMS-1326-SM-79OJR,GTEX-11OF3-1826-SM-5987N,GTEX-1IDJE-1026-SM-ADEIE,GTEX-1POEN-2826-SM-DPRZP,GTEX-ZE7O-3026-SM-51MS4,GTEX-14PKU-0226-SM-6EU16,GTEX-R55C-0826-SM-48FCL,GTEX-U3ZG-0006-SM-47JWX,,,,,,GTEX-1HKZK-0005-SM-ARL73,,,,,GTEX-1F88F-0926-SM-7RHH8,GTEX-1JN6P-0626-SM-ARZN6,GTEX-ZV7C-1626-SM-5NQ7E,GTEX-X4XX-2926-SM-3NMB1,GTEX-Y3IK-0626-SM-4WWE4,,GTEX-11NSD-0926-SM-5N9DR,,,GTEX-1HCU7-2126-SM-A96SG,,,,GTEX-WFG8-0126-SM-4LVMH,GTEX-YEC4-2526-SM-4W1Z2,GTEX-1I6K6-1826-SM-B2LX5
,,,,,GTEX-117YW-2626-SM-5GZZH,GTEX-183FY-0626-SM-79OKR,GTEX-13NYS-0011-R2b-SM-5MR4G,GTEX-1H1ZS-0011-R7a-SM-CL54P,GTEX-18D9U-0626-SM-7LTA4,,,,,,GTEX-17MF6-2426-SM-7LTAM,GTEX-17KNJ-0826-SM-793A4,GTEX-1K2DU-2226-SM-CXZJY,GTEX-13FTW-0726-SM-9WG72,GTEX-13JVG-3026-SM-5IJEV,GTEX-14E1K-1626-SM-664MO,GTEX-T5JW-1726-SM-3GADN,GTEX-REY6-1326-SM-48FDO,GTEX-14DAQ-0005-SM-5NQ7B,,,,,,GTEX-15ETS-0005-SM-9KNTJ,,,,,GTEX-12WSG-5004-SM-7EPG9,GTEX-1211K-0426-SM-5FQTP,GTEX-1HFI7-1526-SM-9WG7W,GTEX-13X6I-2926-SM-5Q5C3,GTEX-1I6K7-1226-SM-B2LVS,,GTEX-1H3NZ-2826-SM-9WPQ7,,,GTEX-1497J-2726-SM-5SI9W,,,,GTEX-PWCY-0226-SM-48TD8,GTEX-14ASI-0326-SM-5S2VH,GTEX-1I6K6-1926-SM-A96SN
,,,,,GTEX-YB5E-2026-SM-5IFIS,GTEX-1HFI7-0326-SM-9WPOX,GTEX-QVJO-0011-R8A-SM-447C7,GTEX-12ZZW-0011-R6a-SM-5DUVZ,GTEX-1B8SG-0326-SM-73KXW,,,,,,GTEX-1IKK5-2726-SM-CNPQ6,GTEX-1HT8W-1726-SM-CNNQB,GTEX-1HSKV-1826-SM-CNPPM,GTEX-1AX9K-0326-SM-7DHM9,GTEX-1B8L1-3126-SM-7EPHA,GTEX-1122O-1626-SM-5N9CX,GTEX-1AX9J-1126-SM-731B7,GTEX-YJ8O-1226-SM-5P9JE,GTEX-Y111-0006-SM-4SOIO,,,,,,GTEX-17KNJ-0005-SM-7PBYB,,,,,GTEX-1128S-0726-SM-5N9D6,GTEX-1F6I4-0002-SM-EVR38,GTEX-ZVZP-1726-SM-5GZWY,GTEX-NPJ7-2826-SM-2I3FU,GTEX-1JJE9-0926-SM-CNNP9,,,,,GTEX-11VI4-0726-SM-5GU5B,,,,GTEX-18D9A-0826-SM-718C1,GTEX-17F9Y-0926-SM-79OJU,GTEX-ZVT2-1926-SM-5GU5T
,,,,,GTEX-1JMPY-1326-SM-ARL8Y,GTEX-X5EB-0726-SM-46MVR,GTEX-1H3O1-0011-R1b-SM-CL554,GTEX-1JMQJ-0011-R5a-SM-EYYXO,GTEX-XPT6-2026-SM-4B64V,,,,,,,GTEX-1JN1M-1026-SM-CNPOS,GTEX-1GTWX-2226-SM-9JGHD,GTEX-WFG8-0826-SM-4LVN5,GTEX-148VJ-2926-SM-5Q5DA,GTEX-OOBK-0726-SM-3LK5Q,GTEX-12WSK-1026-SM-5CVNR,GTEX-13X6K-2126-SM-5O9D4,GTEX-14BMU-0006-SM-5MR3T,,,,,,,,,,,,GTEX-18A7B-2626-SM-7LG55,GTEX-1F5PL-1426-SM-7MKFH,GTEX-1AX9I-0011-R11b-SM-7DHN4,GTEX-1GZHY-2426-SM-9JGGK,,,,,GTEX-145ME-5004-SM-7MGXP,,,,GTEX-ZUA1-1926-SM-5E45E,GTEX-NPJ7-1726-SM-2YUNA,
,,,,,GTEX-1LGRB-2526-SM-CNPPQ,GTEX-11EQ9-0626-SM-5A5K1,GTEX-R55E-0011-R2A-SM-EYYV9,GTEX-13NYS-0011-R5a-SM-5MR4D,GTEX-1HCVE-0326-SM-CGQEW,,,,,,,GTEX-1445S-1226-SM-5O9BF,GTEX-YEC4-1526-SM-4W1YU,GTEX-111YS-0008-SM-5Q5BH,GTEX-XLM4-3126-SM-4AT6M,GTEX-13NYB-0826-SM-5MR4V,GTEX-1H1DF-1426-SM-9YFMC,GTEX-139YR-1726-SM-5IFFK,GTEX-13OW6-0005-SM-5NQ9Z,,,,,,,,,,,,GTEX-XPT6-0001-SM-4B64G,GTEX-ZF2S-1426-SM-57WET,GTEX-1LKK1-0011-R11a-SM-EXOIG,GTEX-Q2AH-0426-SM-2I3EP,,,,,GTEX-13FTW-1626-SM-5KM4N,,,,GTEX-PLZ4-2826-SM-3P617,GTEX-1B8L1-2926-SM-7DUGA,
,,,,,GTEX-1LVAO-2726-SM-E9TJ8,GTEX-17HII-1926-SM-79OLB,GTEX-XLM4-0011-R2B-SM-4AT5Z,GTEX-139TT-0011-R5b-SM-5K7W8,GTEX-1IOXB-0326-SM-CL55M,,,,,,,GTEX-WOFL-1226-SM-4OOST,GTEX-UPJH-0126-SM-4IHLL,GTEX-NPJ8-1326-SM-3LK6B,GTEX-13OW7-3126-SM-5L3HB,GTEX-15DZA-0926-SM-69LQ3,GTEX-1GMR8-0226-SM-9YFL3,GTEX-14JIY-0926-SM-6871D,GTEX-UPK5-0006-SM-3GAD8,,,,,,,,,,,,GTEX-11P7K-0003-SM-5S2OU,GTEX-WXYG-1626-SM-4ONCR,GTEX-17JCI-0011-R11a-SM-7189Y,GTEX-1HSMO-0926-SM-A96S7,,,,,GTEX-13CF3-1626-SM-5IFG9,,,,GTEX-S33H-1326-SM-4AD6A,GTEX-Y5V6-2726-SM-4VDSC,
,,,,,GTEX-13X6J-0626-SM-5LU5F,GTEX-1HBPI-0826-SM-9WYTX,GTEX-P44G-0011-R2A-SM-2XCD2,GTEX-17HHY-3026-SM-79OKP,GTEX-147GR-0126-SM-62LER,,,,,,,GTEX-ZTPG-1326-SM-51MSQ,GTEX-18D9B-2726-SM-72D73,GTEX-1HBPM-1326-SM-9YFMB,GTEX-16Z82-3126-SM-7EWEC,GTEX-1QPFJ-2426-SM-EVR3L,GTEX-11ZTS-1326-SM-5EQMA,GTEX-S7SF-0926-SM-4AD4M,GTEX-1QAET-0006-SM-DLZQQ,,,,,,,,,,,,GTEX-12WSD-1726-SM-5GCN4,GTEX-1A3MV-1226-SM-718BW,GTEX-13CZV-0011-R11b-SM-5N9FN,GTEX-13OVH-1026-SM-5J2NP,,,,,GTEX-14BIM-1326-SM-7EWD1,,,,GTEX-1122O-0326-SM-5H124,GTEX-1KWVE-1526-SM-E6CJ2,
,,,,,GTEX-1E2YA-2126-SM-7MXUO,GTEX-13W46-0926-SM-5LU3T,GTEX-13FHP-0011-R5b-SM-5LZY2,GTEX-1GN1V-0011-R10a-SM-CKZNU,GTEX-1314G-1726-SM-5LZUX,,,,,,,GTEX-1HBPM-1026-SM-ARL9D,GTEX-14DAR-1126-SM-793AT,GTEX-1S5ZU-0526-SM-E9U4S,,GTEX-13QJ3-1826-SM-5S2PT,GTEX-YB5K-2226-SM-4WWG1,GTEX-ZG7Y-1126-SM-4WWEZ,GTEX-1HCU8-0005-SM-A96RL,,,,,,,,,,,,GTEX-ZG7Y-0003-SM-4WWEJ,GTEX-11DXX-1326-SM-5GIDZ,GTEX-15DCD-0011-R11a-SM-D4P1R,GTEX-ZYT6-0526-SM-5GIEA,,,,,GTEX-R55D-1126-SM-48FEB,,,,GTEX-1QP28-1326-SM-DPRXZ,GTEX-WHSB-2026-SM-3LK6H,
,,,,,GTEX-1GF9X-1326-SM-7PC2Y,GTEX-1JMPY-0126-SM-CJI39,GTEX-1GN73-0011-R2a-SM-CJI2V,GTEX-13OVH-3026-SM-5MR4N,GTEX-11TUW-2526-SM-5EQKN,,,,,,,GTEX-ZUA1-0826-SM-4YCDL,GTEX-1EU9M-1626-SM-7EWF2,GTEX-U412-0226-SM-3NMC8,,GTEX-13QJ3-1926-SM-5QGQM,GTEX-XUYS-0226-SM-47JX1,GTEX-13FH7-0526-SM-5IJF8,,,,,,,,,,,,,GTEX-PX3G-0926-SM-48U12,GTEX-Q734-1026-SM-48U16,GTEX-1JJEA-0011-R11a-SM-EXUTE,GTEX-111VG-0726-SM-5GIDC,,,,,,,,,GTEX-18D9B-1926-SM-7KFSV,GTEX-X15G-2526-SM-4PQZT,
,,,,,GTEX-S7SE-0126-SM-2XCD5,GTEX-14753-0926-SM-5Q5BI,GTEX-1J1OQ-0011-R9b-SM-ARZMK,GTEX-17HG3-0011-R10b-SM-7LT97,GTEX-16BQI-0326-SM-6PAM4,,,,,,,GTEX-1B8KE-0326-SM-73KTY,GTEX-13OVH-0726-SM-5N9BU,GTEX-133LE-0008-SM-62LDD,,GTEX-1GPI7-1326-SM-9KNVA,GTEX-1H2FU-0226-SM-9YFKO,GTEX-1399Q-1126-SM-5P9JA,,,,,,,,,,,,,GTEX-18D9B-1026-SM-CNPO5,GTEX-14JG6-1226-SM-664O6,GTEX-1B8SG-0011-R11a-SM-7P8PF,GTEX-NPJ8-0326-SM-2D7VV,,,,,,,,,GTEX-16NGA-0426-SM-7LG6K,GTEX-1399S-2426-SM-5K7U3,
,,,,,GTEX-1HBPN-0226-SM-9YFM1,GTEX-1I6K7-1126-SM-A96SW,GTEX-11ZU8-0011-R4a-SM-5BC6Y,GTEX-183WM-2826-SM-731C2,GTEX-11WQC-2626-SM-5CVLF,,,,,,,GTEX-13PVQ-1226-SM-5IJDC,,GTEX-1B8KZ-2226-SM-73KYS,,GTEX-13RTK-0626-SM-5Q5EK,GTEX-1J8QM-2326-SM-CYPSL,GTEX-11ZTS-3026-SM-5EQM7,,,,,,,,,,,,,GTEX-15CHC-0726-SM-6AJ9D,,GTEX-X585-0011-R11B-SM-46MUZ,GTEX-11ZTT-0626-SM-5EQLM,,,,,,,,,GTEX-1R9PN-0626-SM-E6CR9,GTEX-17JCI-0426-SM-7LG4R,
,,,,,GTEX-ZUA1-0126-SM-5GU76,GTEX-14C38-0826-SM-5S2U8,GTEX-139TS-0011-R7a-SM-5K7X7,GTEX-13X6I-0011-R5a-SM-5PNWW,GTEX-PX3G-1826-SM-2S1PK,,,,,,,GTEX-1EMGI-1126-SM-9KNUF,,GTEX-TML8-0008-SM-4DXUI,,GTEX-ZY6K-1326-SM-5GZWP,GTEX-1K2DA-1126-SM-CGQGG,GTEX-ZT9W-2126-SM-51MSF,,,,,,,,,,,,,GTEX-14PJ5-0326-SM-664OD,,GTEX-13RTJ-3126-SM-5S2Q4,GTEX-1FIGZ-0326-SM-7RHGT,,,,,,,,,GTEX-131XF-0126-SM-5DUVF,GTEX-1I19N-1826-SM-CGQFJ,
,,,,,GTEX-13X6H-2126-SM-7EWD5,GTEX-1RAZS-1026-SM-E9TID,GTEX-QDT8-0011-R2A-SM-32PKQ,GTEX-1MCQQ-0011-R3a-SM-EXURW,GTEX-Y8E5-0326-SM-57WBM,,,,,,,GTEX-1EWIQ-1426-SM-7IGOS,,GTEX-1RAZR-0626-SM-E6CJO,,GTEX-1S5ZA-1426-SM-E6CJQ,GTEX-16BQI-0526-SM-6PAM8,GTEX-15DYW-1826-SM-6LPIY,,,,,,,,,,,,,GTEX-131YS-0726-SM-5P9G9,,GTEX-Q2AG-0011-R11A-SM-2HMKZ,GTEX-15EOM-5010-SM-7P8PA,,,,,,,,,GTEX-ZVT2-0826-SM-5GIEO,GTEX-11DYG-0426-SM-5987J,
,,,,,GTEX-14PN4-0126-SM-6EU2V,GTEX-14PQA-1226-SM-6M47A,GTEX-15DDE-0011-R9b-SM-6M46U,GTEX-131YS-0011-R7a-SM-5IJDA,GTEX-RWSA-0726-SM-2XCBE,,,,,,,GTEX-18A67-1226-SM-7KFRS,,GTEX-12696-2726-SM-5FQUL,,GTEX-14E7W-1926-SM-5S2R9,GTEX-1QPFJ-0126-SM-E9J4B,GTEX-ZC5H-2226-SM-4WAWS,,,,,,,,,,,,,GTEX-12WSG-0426-SM-5FQSE,,GTEX-1F52S-3026-SM-7P8PV,GTEX-11DXX-0626-SM-5Q5AG,,,,,,,,,GTEX-TML8-0926-SM-4DXSJ,GTEX-1KD4Q-0426-SM-E9TJB,
,,,,,GTEX-13SLX-0526-SM-5S2ON,GTEX-13O3Q-0626-SM-5IJG1,GTEX-1GN73-0011-R8b-SM-CKZNY,GTEX-Y8DK-0011-R1A-SM-4RGLO,GTEX-13O3O-0526-SM-5J1NL,,,,,,,GTEX-1F48J-1126-SM-9WYSY,,GTEX-12WSC-0008-SM-664MK,,GTEX-QEL4-1826-SM-EZ6KU,GTEX-O5YV-0226-SM-48TBY,GTEX-1C2JI-1226-SM-7DHM2,,,,,,,,,,,,,GTEX-WHPG-0726-SM-4M1XX,,GTEX-15EO6-2926-SM-6M48D,,,,,,,,,,GTEX-1OJC4-2026-SM-E6CQW,GTEX-XBED-2526-SM-47JYD,
,,,,,GTEX-11DXY-2626-SM-5GIE7,GTEX-17EVP-0126-SM-7EPHW,GTEX-X4XX-0011-R2A-SM-3P623,GTEX-13FLV-0011-R6a-SM-5KLZ4,GTEX-1LH75-2626-SM-E9TKL,,,,,,,GTEX-1QEPI-1126-SM-E8VN7,,GTEX-XQ3S-0126-SM-4BOO9,,GTEX-1IDJH-1826-SM-A96T4,GTEX-1PBJI-0426-SM-E8VNM,GTEX-13FTX-0526-SM-5IFGS,,,,,,,,,,,,,GTEX-16MT8-1826-SM-7EWE8,,GTEX-1EWIQ-3026-SM-7IGOJ,,,,,,,,,,GTEX-VUSG-1526-SM-4KKZH,GTEX-P4QT-1726-SM-2S1NQ,
,,,,,GTEX-1JN6P-2926-SM-CL54D,GTEX-146FQ-0726-SM-5LUA7,GTEX-14PJO-0011-R1b-SM-6AJAK,GTEX-13X6J-0011-R6a-SM-5PNUB,GTEX-17F9E-0226-SM-79OKK,,,,,,,GTEX-13OVI-0326-SM-5K7X1,,GTEX-1GMR8-0008-SM-EAZD3,,GTEX-1H3NZ-2526-SM-9KNVO,GTEX-1MCYP-1826-SM-E9J2Q,GTEX-OXRP-0926-SM-48TC1,,,,,,,,,,,,,GTEX-POMQ-0126-SM-48TD6,,GTEX-1HCU6-0011-R11b-SM-AHZ2F,,,,,,,,,,,GTEX-1A8FM-0326-SM-7SB7R,
,,,,,GTEX-1C6VQ-0126-SM-7P8RI,GTEX-13VXT-0626-SM-5SIA1,GTEX-X4XX-0011-R4B-SM-46MWL,GTEX-1I1GQ-0011-R6b-SM-CE6SE,GTEX-ZYW4-0526-SM-5GZZ5,,,,,,,GTEX-1399R-1926-SM-5K7X8,,GTEX-1I1GP-0926-SM-COH3O,,GTEX-14C38-2226-SM-793AW,GTEX-13N1W-0226-SM-5K7W6,GTEX-ZC5H-1326-SM-5HL7E,,,,,,,,,,,,,GTEX-14PJ3-0126-SM-69LQP,,GTEX-12WSD-0011-R11a-SM-9OSVC,,,,,,,,,,,GTEX-Y8E5-0526-SM-57WBY,
,,,,,GTEX-14PHX-2226-SM-6EU2P,GTEX-11DZ1-2726-SM-5A5KH,GTEX-14PQA-0011-R1b-SM-6EU1G,GTEX-1F48J-0011-R6a-SM-CJI2F,GTEX-146FQ-0326-SM-5NQAX,,,,,,,GTEX-1EKGG-1126-SM-7MGXB,,GTEX-13113-2126-SM-5EQ4U,,GTEX-ZYW4-1426-SM-5SIAX,GTEX-12C56-0826-SM-5EGJ5,GTEX-YB5E-0926-SM-4WWDQ,,,,,,,,,,,,,GTEX-1ICLZ-1626-SM-CE6SS,,GTEX-1H3VE-2826-SM-9WPOL,,,,,,,,,,,GTEX-1B932-0326-SM-7IGMV,
,,,,,GTEX-1MA7X-2226-SM-E6CIY,GTEX-ZTPG-0826-SM-5DUVC,GTEX-ZF28-0011-R9a-SM-4WWDY,GTEX-1EMGI-0011-R6a-SM-9OSVR,GTEX-1C6VS-0126-SM-7PC2H,,,,,,,GTEX-1NHNU-0626-SM-E6CP1,,GTEX-PW2O-0426-SM-48TCC,,GTEX-Q2AH-1026-SM-48TZI,GTEX-WEY5-0326-SM-4LMI7,,,,,,,,,,,,,,GTEX-1LNCM-0426-SM-DHXK6,,GTEX-1LG7Y-3126-SM-EV7AS,,,,,,,,,,,GTEX-ZF29-2626-SM-4WWBA,
,,,,,GTEX-13VXT-1926-SM-5K7UO,GTEX-1H11D-0626-SM-9WPQ1,GTEX-1HFI6-0011-R6b-SM-CM2SR,GTEX-1EMGI-0011-R1b-SM-9OSWZ,GTEX-RWS6-2126-SM-2XCAV,,,,,,,GTEX-1IKJJ-0826-SM-A96SP,,GTEX-1LG7Y-1326-SM-D4P45,,GTEX-ZTSS-0826-SM-5985L,GTEX-17GQL-0426-SM-7LG5V,,,,,,,,,,,,,,GTEX-ZV6S-0826-SM-5NQ6Z,,GTEX-1GMR8-0011-R11b-SM-9OSX2,,,,,,,,,,,GTEX-17HG3-2526-SM-7IGOD,
,,,,,GTEX-1GF9W-1426-SM-7PBYM,GTEX-1RAZR-1126-SM-E6CRC,GTEX-13CZV-0011-R4b-SM-5J2NY,GTEX-1J1OQ-0011-R1a-SM-A9G1Z,GTEX-1N2DW-0426-SM-E9TK4,,,,,,,GTEX-139YR-0826-SM-5LZXY,,GTEX-13S7M-2226-SM-5S2WB,,GTEX-13O3P-2726-SM-5KM2R,GTEX-1OKEX-1226-SM-DTXEC,,,,,,,,,,,,,,GTEX-PW2O-0126-SM-48TC8,,GTEX-13N2G-0011-R11a-SM-5MR3F,,,,,,,,,,,GTEX-1HCU6-0326-SM-CGQET,
,,,,,GTEX-1H4P4-2126-SM-9WYSL,,GTEX-1J8JJ-0011-R5a-SM-D4P2G,GTEX-1EX96-0011-R1a-SM-CE6R5,GTEX-1OFPY-2526-SM-DTXEK,,,,,,,GTEX-XPVG-0726-SM-4B658,,GTEX-ZDTS-0426-SM-4WAYH,,GTEX-1QP29-2526-SM-E6CQ3,GTEX-11TT1-2426-SM-5EQMK,,,,,,,,,,,,,,GTEX-TML8-0726-SM-4DXTT,,GTEX-17EVQ-2726-SM-7EWDT,,,,,,,,,,,,
,,,,,GTEX-1HSMP-0126-SM-E6CJS,,GTEX-1EKGG-0011-R9a-SM-CMKFV,GTEX-15ER7-0011-R4a-SM-6M46S,GTEX-12WSC-0326-SM-5EQ5E,,,,,,,GTEX-16XZY-0526-SM-7DHKY,,GTEX-OIZF-0426-SM-7PBZP,,GTEX-139TS-2226-SM-5J2N1,GTEX-S95S-1326-SM-2XCDK,,,,,,,,,,,,,,GTEX-1212Z-0002-SM-5SI6W,,GTEX-145MH-0011-R11a-SM-5P9HQ,,,,,,,,,,,,
,,,,,GTEX-1A32A-0626-SM-731AQ,,GTEX-NPJ7-0011-R5a-SM-33HBK,GTEX-1F75A-3026-SM-9KNU2,,,,,,,,GTEX-1LVA9-0926-SM-EVR5G,,GTEX-1RLM8-0526-SM-E8VOK,,GTEX-1HCUA-1926-SM-B2LWE,GTEX-11ZTS-0226-SM-5EQKD,,,,,,,,,,,,,,GTEX-1OKEX-0626-SM-E76PZ,,,,,,,,,,,,,,
,,,,,GTEX-1CB4G-0226-SM-7PC3O,,GTEX-17MF6-0011-R7b-SM-7LG6J,GTEX-OXRO-0011-R10A-SM-2I5EH,,,,,,,,GTEX-ZVT3-0826-SM-5GIC8,,GTEX-ZYFG-0126-SM-5GIDH,,GTEX-1LG7Z-1126-SM-DIPF2,GTEX-1PIGE-0526-SM-DTXFA,,,,,,,,,,,,,,GTEX-14BMU-0226-SM-5S2QA,,,,,,,,,,,,,,
,,,,,GTEX-1IKJJ-0126-SM-CNPQB,,GTEX-15DCD-0011-R8b-SM-7KUEF,GTEX-15SHU-0011-R3a-SM-7IGPS,,,,,,,,GTEX-15RJ7-0226-SM-7KUMN,,GTEX-1K2DU-1326-SM-CYPT5,,GTEX-139T6-1426-SM-5P9J7,GTEX-15CHQ-0226-SM-6EU2S,,,,,,,,,,,,,,GTEX-Z93S-0526-SM-EVYB4,,,,,,,,,,,,,,
,,,,,GTEX-1H11D-0226-SM-9WG6Z,,GTEX-13FLW-0011-R10b-SM-5LZZF,GTEX-11EI6-0011-R10a-SM-DO93R,,,,,,,,GTEX-V1D1-0526-SM-4JBGW,,GTEX-15RJE-0008-SM-EAZ31,,GTEX-YEC3-2326-SM-DO92F,GTEX-1211K-1226-SM-5EQ4N,,,,,,,,,,,,,,GTEX-1LVAN-1026-SM-CNNQZ,,,,,,,,,,,,,,
,,,,,GTEX-1K2DA-1026-SM-CGQGF,,GTEX-PWO3-0011-R9A-SM-EVR2V,GTEX-1CB4G-0011-R7b-SM-9QEGP,,,,,,,,GTEX-11ZVC-0526-SM-5N9G1,,GTEX-15UF6-0226-SM-7KUF6,,GTEX-146FQ-1126-SM-5NQBM,GTEX-1CB4G-2126-SM-7IGQ8,,,,,,,,,,,,,,,,,,,,,,,,,,,,
,,,,,GTEX-YB5K-2026-SM-4VDT3,,GTEX-1NV5F-3226-SM-EXUSL,GTEX-N7MT-0011-R10A-SM-2I3E1,,,,,,,,GTEX-15ER7-0826-SM-6PALW,,GTEX-TSE9-0226-SM-3DB84,,GTEX-1GL5R-1726-SM-9KNUX,GTEX-UTHO-1026-SM-3GAF7,,,,,,,,,,,,,,,,,,,,,,,,,,,,
,,,,,GTEX-13NYS-0626-SM-5L3F1,,GTEX-R55E-0011-R9A-SM-2TC6C,GTEX-1F48J-2826-SM-7P8R4,,,,,,,,GTEX-1JMQL-1026-SM-CMKGV,,GTEX-13JUV-0626-SM-5J1MQ,,GTEX-1OKEX-1126-SM-DTXEB,GTEX-1JKYN-0726-SM-ARZMY,,,,,,,,,,,,,,,,,,,,,,,,,,,,
,,,,,GTEX-1HKZK-0726-SM-ACKW2,,GTEX-ZDXO-0011-R2b-SM-4WKFG,GTEX-11TTK-2926-SM-5PNYP,,,,,,,,GTEX-ZUA1-0726-SM-4YCD9,,GTEX-U8XE-0008-SM-4E3K4,,GTEX-1JMQK-1826-SM-CY8I1,GTEX-13QBU-2526-SM-5LU4X,,,,,,,,,,,,,,,,,,,,,,,,,,,,
,,,,,GTEX-11UD2-2526-SM-5CVNU,,GTEX-14LZ3-0011-R7a-SM-69LQN,GTEX-12WSM-0011-R3b-SM-5LZWI,,,,,,,,GTEX-12WSD-1226-SM-5HL9Q,,GTEX-ZYFC-0726-SM-5E448,,GTEX-1JMLX-2226-SM-CNPOY,GTEX-ZTSS-1026-SM-5985N,,,,,,,,,,,,,,,,,,,,,,,,,,,,
,,,,,GTEX-14BIL-0126-SM-5SI92,,GTEX-13CF2-0011-R1a-SM-5LZY1,GTEX-1IKJJ-0011-R7a-SM-ARZLH,,,,,,,,GTEX-1CB4I-1526-SM-7DHMY,,GTEX-1JMQJ-2426-SM-E9TIL,,GTEX-15SHV-0926-SM-6M46I,GTEX-1ICLY-0226-SM-ARL7R,,,,,,,,,,,,,,,,,,,,,,,,,,,,
,,,,,GTEX-1F75I-2226-SM-7SB8U,,GTEX-1J1OQ-0011-R2b-SM-ARU88,GTEX-145LS-0011-R5a-SM-5SI65,,,,,,,,GTEX-Y3IK-0826-SM-51MT8,,GTEX-113JC-2226-SM-5EGJG,,GTEX-13OW6-1426-SM-5L3EU,GTEX-1H1ZS-0126-SM-9YFKQ,,,,,,,,,,,,,,,,,,,,,,,,,,,,
,,,,,GTEX-11GSP-2326-SM-5HL63,,GTEX-13VXU-0011-R9b-SM-5SI73,GTEX-144GL-3026-SM-5Q5CW,,,,,,,,GTEX-14JG1-0826-SM-5ZZWR,,GTEX-Y3I4-2226-SM-4TT7O,,GTEX-13D11-0626-SM-5LZYY,GTEX-WFJO-1026-SM-3GIKL,,,,,,,,,,,,,,,,,,,,,,,,,,,,
,,,,,GTEX-1GMR3-1926-SM-9KNUZ,,GTEX-11UD1-0011-R2b-SM-5BC6O,GTEX-14LZ3-3026-SM-5ZZVU,,,,,,,,GTEX-14PK6-0826-SM-5ZZVO,,GTEX-O5YV-0008-SM-4E3HP,,GTEX-14BIM-2226-SM-5SI8Y,GTEX-13S7M-0226-SM-5S2UG,,,,,,,,,,,,,,,,,,,,,,,,,,,,
,,,,,GTEX-13OW6-0426-SM-5L3HM,,GTEX-1GZ4I-0011-R3b-SM-9OSWP,GTEX-13O3Q-0011-R6a-SM-5KM2V,,,,,,,,GTEX-1HCU6-1026-SM-A9G25,,GTEX-12WSD-1326-SM-5GCNU,,GTEX-15UF6-2426-SM-7KUME,GTEX-139D8-1626-SM-5IJFZ,,,,,,,,,,,,,,,,,,,,,,,,,,,,
,,,,,GTEX-XAJ8-0826-SM-47JY6,,GTEX-13OW6-0011-R1a-SM-5L3HQ,GTEX-11DZ1-0011-R6b-SM-DNZZG,,,,,,,,,,GTEX-1JMQK-0526-SM-CM2S4,,GTEX-UJHI-0926-SM-4IHKF,GTEX-13U4I-0226-SM-5SIB1,,,,,,,,,,,,,,,,,,,,,,,,,,,,
,,,,,GTEX-1JMPZ-0726-SM-CY8HZ,,GTEX-1GZ2Q-0011-R9a-SM-9WG7A,GTEX-1GTWX-0011-R5b-SM-CKZO6,,,,,,,,,,GTEX-S4UY-1426-SM-4AD6Y,,GTEX-ZP4G-0726-SM-4WWF2,GTEX-ZDTT-2126-SM-DKPOM,,,,,,,,,,,,,,,,,,,,,,,,,,,,
,,,,,GTEX-1E1VI-0126-SM-7DHMZ,,GTEX-1CAMQ-0011-R9a-SM-9WG5Z,GTEX-13OW5-0011-R6b-SM-5O9BW,,,,,,,,,,GTEX-14753-2426-SM-5LU8U,,GTEX-1J8Q3-2126-SM-ARU8O,GTEX-14E1K-0926-SM-5S2U4,,,,,,,,,,,,,,,,,,,,,,,,,,,,
,,,,,GTEX-1ICLZ-0126-SM-CKZPO,,GTEX-14DAQ-0011-R4a-SM-5YYAI,GTEX-147GR-0011-R10b-SM-5S2UM,,,,,,,,,,GTEX-17F98-0008-SM-EAZBA,,GTEX-WFON-1326-SM-4LVMN,GTEX-1OFPY-2326-SM-E8VNU,,,,,,,,,,,,,,,,,,,,,,,,,,,,
,,,,,GTEX-1I1GP-2226-SM-CGQFK,,GTEX-XLM4-0011-R9A-SM-4AT45,GTEX-14BMV-3026-SM-5S2PQ,,,,,,,,,,GTEX-14PJ5-1926-SM-6LLIM,,GTEX-RNOR-1326-SM-48FDE,GTEX-1CB4E-1826-SM-7RHG8,,,,,,,,,,,,,,,,,,,,,,,,,,,,
,,,,,GTEX-1N2EF-0226-SM-EYYXB,,GTEX-1JN1M-0011-R9a-SM-EZ6MR,GTEX-1F75A-0011-R6b-SM-9QEHD,,,,,,,,,,GTEX-1F6IF-0426-SM-7PBZV,,GTEX-SE5C-1026-SM-4BRUG,GTEX-1POEN-0226-SM-EYYXE,,,,,,,,,,,,,,,,,,,,,,,,,,,,
,,,,,GTEX-18D9B-0526-SM-7LTAS,,GTEX-1H23P-0011-R4b-SM-CL54R,GTEX-1I1CD-0011-R10b-SM-CJI3W,,,,,,,,,,GTEX-1CAMS-0008-SM-EXURB,,GTEX-12WSL-1326-SM-5LZVW,GTEX-18A66-1726-SM-7LG5N,,,,,,,,,,,,,,,,,,,,,,,,,,,,
,,,,,GTEX-1C6VS-0526-SM-7DUEN,,GTEX-1CAV2-2726-SM-7IGNN,GTEX-1GZ2Q-0011-R3a-SM-A96RP,,,,,,,,,,GTEX-1HCUA-2026-SM-CGQEJ,,GTEX-1LSVX-2026-SM-E9TJD,GTEX-1EU9M-0326-SM-7RHGF,,,,,,,,,,,,,,,,,,,,,,,,,,,,
,,,,,GTEX-16MT9-0126-SM-7EPI8,,GTEX-13X6I-0011-R9b-SM-5PNZJ,GTEX-1H2FU-0011-R3b-SM-CKZP4,,,,,,,,,,GTEX-1B8KZ-0008-SM-EXOHR,,GTEX-17MFQ-0626-SM-793A7,GTEX-XGQ4-0926-SM-4AT4U,,,,,,,,,,,,,,,,,,,,,,,,,,,,
,,,,,GTEX-1I19N-0126-SM-CYPSF,,GTEX-1HBPM-0011-R9b-SM-ARL7C,GTEX-1J1OQ-0011-R3b-SM-D4P2B,,,,,,,,,,GTEX-1117F-0626-SM-5N9CS,,GTEX-QDVJ-0826-SM-48U1S,,,,,,,,,,,,,,,,,,,,,,,,,,,,,
,,,,,GTEX-13FHO-0226-SM-5IFGY,,GTEX-1HUB1-2926-SM-ACKXA,GTEX-1H1ZS-0011-R5b-SM-CL53L,,,,,,,,,,GTEX-ZTSS-0008-SM-4YCE8,,GTEX-1IL2V-2026-SM-ARZMA,,,,,,,,,,,,,,,,,,,,,,,,,,,,,
,,,,,GTEX-1HSGN-0226-SM-CGQFV,,GTEX-1HT8W-0011-R8b-SM-CM2SX,GTEX-1C6VS-3026-SM-79OLA,,,,,,,,,,GTEX-X88G-0226-SM-4GIE4,,GTEX-13D11-1826-SM-5J2NM,,,,,,,,,,,,,,,,,,,,,,,,,,,,,
,,,,,GTEX-ZP4G-1426-SM-4WWCL,,GTEX-1IKOH-0011-R2a-SM-CMKHO,GTEX-1F48J-0011-R1a-SM-9QEIC,,,,,,,,,,GTEX-18465-1026-SM-7PC23,,GTEX-1LB8K-1426-SM-DHXJK,,,,,,,,,,,,,,,,,,,,,,,,,,,,,
,,,,,GTEX-1A3MX-2626-SM-7PC24,,,GTEX-S7SE-0011-R1A-SM-2XCDE,,,,,,,,,,GTEX-XPVG-0226-SM-EVYAQ,,GTEX-18A67-2226-SM-7LT9Z,,,,,,,,,,,,,,,,,,,,,,,,,,,,,
,,,,,GTEX-1F5PL-0326-SM-7P8PQ,,,GTEX-ZVZQ-0011-R6b-SM-57WAY,,,,,,,,,,GTEX-SE5C-0426-SM-4BRUI,,GTEX-16NPV-1526-SM-7KUL6,,,,,,,,,,,,,,,,,,,,,,,,,,,,,
,,,,,GTEX-1JMPY-0226-SM-CKZOK,,,GTEX-13X6K-0011-R4b-SM-5P9HO,,,,,,,,,,GTEX-RNOR-0426-SM-2TF4U,,GTEX-1122O-1426-SM-5H11R,,,,,,,,,,,,,,,,,,,,,,,,,,,,,
,,,,,GTEX-1B932-2326-SM-79OL5,,,GTEX-1AX9I-0011-R5b-SM-793DI,,,,,,,,,,GTEX-WH7G-0008-SM-4LVNM,,GTEX-1CB4F-2026-SM-79OLU,,,,,,,,,,,,,,,,,,,,,,,,,,,,,
,,,,,GTEX-1LG7Z-1726-SM-D3LA4,,,GTEX-12ZZX-2926-SM-5GCOQ,,,,,,,,,,GTEX-15SKB-0008-SM-EAZ36,,GTEX-WFG8-1126-SM-4LVN1,,,,,,,,,,,,,,,,,,,,,,,,,,,,,
,,,,,GTEX-NPJ8-0126-SM-2YUNR,,,GTEX-11O72-0011-R5a-SM-DO922,,,,,,,,,,GTEX-13OVH-1126-SM-5K7YP,,GTEX-RWS6-0726-SM-47JXI,,,,,,,,,,,,,,,,,,,,,,,,,,,,,
,,,,,GTEX-13FTY-2126-SM-5IFFB,,,GTEX-13SLX-0011-R5a-SM-5O9BV,,,,,,,,,,GTEX-11P82-0126-SM-5HL72,,GTEX-Z9EW-0326-SM-5CVM8,,,,,,,,,,,,,,,,,,,,,,,,,,,,,
,,,,,GTEX-1O97I-0326-SM-EYYX7,,,GTEX-YFC4-0011-R10a-SM-4SOK5,,,,,,,,,,GTEX-111VG-0008-SM-5Q5BG,,GTEX-139T6-0826-SM-5J1O2,,,,,,,,,,,,,,,,,,,,,,,,,,,,,
,,,,,GTEX-OXRK-0226-SM-3NB2G,,,GTEX-13FTY-0011-R1a-SM-5LZXE,,,,,,,,,,GTEX-O5YW-0008-SM-4E3IE,,GTEX-1HFI7-1626-SM-9WYTR,,,,,,,,,,,,,,,,,,,,,,,,,,,,,
,,,,,GTEX-13VXU-0126-SM-5SI9F,,,GTEX-11DYG-0011-R5a-SM-DO928,,,,,,,,,,GTEX-1399S-2126-SM-5J2MH,,GTEX-1399U-1426-SM-5J1N8,,,,,,,,,,,,,,,,,,,,,,,,,,,,,
,,,,,GTEX-1H1DG-0126-SM-9WYU2,,,GTEX-14JIY-0011-R5b-SM-62LE7,,,,,,,,,,GTEX-1GMR2-1126-SM-7RHI6,,GTEX-13X6H-1626-SM-5Q5CT,,,,,,,,,,,,,,,,,,,,,,,,,,,,,
,,,,,GTEX-1N2DV-1526-SM-DTXEP,,,GTEX-1H3O1-0011-R3a-SM-ACKVD,,,,,,,,,,GTEX-1LVAN-1426-SM-COH3X,,GTEX-1N2DV-0926-SM-E9TJT,,,,,,,,,,,,,,,,,,,,,,,,,,,,,
,,,,,,,,GTEX-N7MS-0011-R7a-SM-2HMKN,,,,,,,,,,GTEX-144GN-0326-SM-5O9AD,,GTEX-15SHU-1626-SM-6M46B,,,,,,,,,,,,,,,,,,,,,,,,,,,,,
,,,,,,,,GTEX-13JUV-0011-R6b-SM-5LZYG,,,,,,,,,,GTEX-VUSG-0526-SM-4KL22,,GTEX-14BIN-1526-SM-73KZ7,,,,,,,,,,,,,,,,,,,,,,,,,,,,,
,,,,,,,,GTEX-1F52S-3126-SM-7PC3M,,,,,,,,,,GTEX-1C6VQ-0226-SM-7P8S5,,GTEX-ZYFC-2226-SM-5NQ96,,,,,,,,,,,,,,,,,,,,,,,,,,,,,
,,,,,,,,GTEX-13O3O-0011-R6b-SM-5P9GY,,,,,,,,,,GTEX-1LGOU-1226-SM-D3L8L,,GTEX-1HR9M-2926-SM-ACKVO,,,,,,,,,,,,,,,,,,,,,,,,,,,,,
,,,,,,,,GTEX-17JCI-0011-R10b-SM-718A2,,,,,,,,,,GTEX-1192W-0008-SM-5QGRE,,GTEX-13X6K-2226-SM-79OMI,,,,,,,,,,,,,,,,,,,,,,,,,,,,,
,,,,,,,,GTEX-1CB4G-0011-R3a-SM-CE6QQ,,,,,,,,,,GTEX-15EO6-0008-SM-E6CPJ,,GTEX-TMMY-1526-SM-4DXST,,,,,,,,,,,,,,,,,,,,,,,,,,,,,
,,,,,,,,,,,,,,,,,,GTEX-WFG8-0008-SM-4LVN6,,GTEX-1JJ6O-1626-SM-CM2RM,,,,,,,,,,,,,,,,,,,,,,,,,,,,,
,,,,,,,,,,,,,,,,,,GTEX-1JMQI-0226-SM-ARZN3,,,,,,,,,,,,,,,,,,,,,,,,,,,,,,,
,,,,,,,,,,,,,,,,,,GTEX-17MFQ-0008-SM-EAZBK,,,,,,,,,,,,,,,,,,,,,,,,,,,,,,,
,,,,,,,,,,,,,,,,,,GTEX-1399R-0008-SM-5ZZUF,,,,,,,,,,,,,,,,,,,,,,,,,,,,,,,
,,,,,,,,,,,,,,,,,,GTEX-17F96-0008-SM-EAZB6,,,,,,,,,,,,,,,,,,,,,,,,,,,,,,,
,,,,,,,,,,,,,,,,,,GTEX-14PJN-2226-SM-6872I,,,,,,,,,,,,,,,,,,,,,,,,,,,,,,,
,,,,,,,,,,,,,,,,,,GTEX-1PPH7-2726-SM-EVYB9,,,,,,,,,,,,,,,,,,,,,,,,,,,,,,,
,,,,,,,,,,,,,,,,,,GTEX-1GF9U-0008-SM-EAZCV,,,,,,,,,,,,,,,,,,,,,,,,,,,,,,,
,,,,,,,,,,,,,,,,,,GTEX-1F75I-1226-SM-9YFM4,,,,,,,,,,,,,,,,,,,,,,,,,,,,,,,
,,,,,,,,,,,,,,,,,,GTEX-PLZ5-1826-SM-3NB22,,,,,,,,,,,,,,,,,,,,,,,,,,,,,,,
,,,,,,,,,,,,,,,,,,GTEX-14C38-1226-SM-5S2UK,,,,,,,,,,,,,,,,,,,,,,,,,,,,,,,
,,,,,,,,,,,,,,,,,,GTEX-13U4I-0926-SM-5LU5A,,,,,,,,,,,,,,,,,,,,,,,,,,,,,,,
,,,,,,,,,,,,,,,,,,GTEX-14C39-2626-SM-5S2QD,,,,,,,,,,,,,,,,,,,,,,,,,,,,,,,
,,,,,,,,,,,,,,,,,,GTEX-R53T-0826-SM-48FCP,,,,,,,,,,,,,,,,,,,,,,,,,,,,,,,
,,,,,,,,,,,,,,,,,,GTEX-1C6WA-0426-SM-7PC2C,,,,,,,,,,,,,,,,,,,,,,,,,,,,,,,
,,,,,,,,,,,,,,,,,,GTEX-1GZ4H-0826-SM-9OSXK,,,,,,,,,,,,,,,,,,,,,,,,,,,,,,,
,,,,,,,,,,,,,,,,,,GTEX-11EM3-0526-SM-5H12N,,,,,,,,,,,,,,,,,,,,,,,,,,,,,,,
,,,,,,,,,,,,,,,,,,GTEX-QXCU-0226-SM-2TC5W,,,,,,,,,,,,,,,,,,,,,,,,,,,,,,,
,,,,,,,,,,,,,,,,,,GTEX-1AYCT-0326-SM-73KVN,,,,,,,,,,,,,,,,,,,,,,,,,,,,,,,
,,,,,,,,,,,,,,,,,,GTEX-YECK-0226-SM-4W215,,,,,,,,,,,,,,,,,,,,,,,,,,,,,,,
,,,,,,,,,,,,,,,,,,GTEX-1KANC-0326-SM-D3LA7,,,,,,,,,,,,,,,,,,,,,,,,,,,,,,,
,,,,,,,,,,,,,,,,,,GTEX-11ZUS-0008-SM-5S2UO,,,,,,,,,,,,,,,,,,,,,,,,,,,,,,,
,,,,,,,,,,,,,,,,,,GTEX-1NUQO-0326-SM-DTXDK,,,,,,,,,,,,,,,,,,,,,,,,,,,,,,,
,,,,,,,,,,,,,,,,,,GTEX-11ZTS-0826-SM-5EQ49,,,,,,,,,,,,,,,,,,,,,,,,,,,,,,,
,,,,,,,,,,,,,,,,,,GTEX-WYVS-0008-SM-4ONDY,,,,,,,,,,,,,,,,,,,,,,,,,,,,,,,
,,,,,,,,,,,,,,,,,,GTEX-XMD1-0426-SM-EYYVJ,,,,,,,,,,,,,,,,,,,,,,,,,,,,,,,
,,,,,,,,,,,,,,,,,,GTEX-1399Q-0008-SM-62LDE,,,,,,,,,,,,,,,,,,,,,,,,,,,,,,,
,,,,,,,,,,,,,,,,,,GTEX-XPT6-2226-SM-4B66R,,,,,,,,,,,,,,,,,,,,,,,,,,,,,,,
,,,,,,,,,,,,,,,,,,GTEX-11WQK-0008-SM-5SI6T,,,,,,,,,,,,,,,,,,,,,,,,,,,,,,,
,,,,,,,,,,,,,,,,,,GTEX-OHPL-2026-SM-3TW8R,,,,,,,,,,,,,,,,,,,,,,,,,,,,,,,
,,,,,,,,,,,,,,,,,,GTEX-WHSB-0008-SM-4M1ZP,,,,,,,,,,,,,,,,,,,,,,,,,,,,,,,
,,,,,,,,,,,,,,,,,,GTEX-13FTW-2226-SM-5J1OH,,,,,,,,,,,,,,,,,,,,,,,,,,,,,,,
,,,,,,,,,,,,,,,,,,GTEX-ZVP2-2226-SM-5GU6Q,,,,,,,,,,,,,,,,,,,,,,,,,,,,,,,
,,,,,,,,,,,,,,,,,,GTEX-OHPN-0426-SM-E9TI6,,,,,,,,,,,,,,,,,,,,,,,,,,,,,,,
,,,,,,,,,,,,,,,,,,GTEX-1B97I-0008-SM-EXOHX,,,,,,,,,,,,,,,,,,,,,,,,,,,,,,,
,,,,,,,,,,,,,,,,,,GTEX-13N11-1126-SM-5KM41,,,,,,,,,,,,,,,,,,,,,,,,,,,,,,,
,,,,,,,,,,,,,,,,,,GTEX-1S5ZA-1126-SM-EVYBU,,,,,,,,,,,,,,,,,,,,,,,,,,,,,,,
,,,,,,,,,,,,,,,,,,GTEX-11ZTT-0008-SM-5S2TZ,,,,,,,,,,,,,,,,,,,,,,,,,,,,,,,
,,,,,,,,,,,,,,,,,,GTEX-WOFL-0008-SM-4OOSZ,,,,,,,,,,,,,,,,,,,,,,,,,,,,,,,
,,,,,,,,,,,,,,,,,,GTEX-T6MO-1526-SM-4DM57,,,,,,,,,,,,,,,,,,,,,,,,,,,,,,,
,,,,,,,,,,,,,,,,,,GTEX-QDVJ-0008-SM-48U2E,,,,,,,,,,,,,,,,,,,,,,,,,,,,,,,
,,,,,,,,,,,,,,,,,,GTEX-1ICLY-0526-SM-A9G36,,,,,,,,,,,,,,,,,,,,,,,,,,,,,,,
,,,,,,,,,,,,,,,,,,GTEX-ZDTS-0226-SM-5HL7Q,,,,,,,,,,,,,,,,,,,,,,,,,,,,,,,
