Cluster 1,Cluster 2,Cluster 3,Cluster 4,Cluster 5,Cluster 6,Cluster 7,Cluster 8,Cluster 9
GTEX-1KWVE-2326-SM-D4P3N,GTEX-1GF9W-0326-SM-9KNUN,GTEX-11DXW-0008-SM-5Q59V,GTEX-ZU9S-1826-SM-5NQ9E,GTEX-131XG-0926-SM-5LZW5,GTEX-ZLV1-0005-SM-4WWAP,GTEX-15DZA-0005-SM-9JGFP,GTEX-1QCLZ-1926-SM-E6CR3,
GTEX-1H23P-0011-R6b-SM-A9G1H,GTEX-17GQL-2026-SM-718BA,GTEX-11LCK-0008-SM-5Q5BB,GTEX-17MF6-1526-SM-7MGW8,GTEX-1R9K4-1126-SM-E9J4G,GTEX-12WSD-0005-SM-5N9FZ,,GTEX-WYJK-2326-SM-4ONDN,
GTEX-14C39-0011-R5b-SM-5ZZV1,GTEX-11EI6-0126-SM-5985R,GTEX-PW2O-0008-SM-48TEB,GTEX-R55G-0926-SM-48FDN,GTEX-1EMGI-1126-SM-9KNUF,GTEX-ZF2S-0006-SM-4WKHF,,GTEX-1GPI7-1726-SM-7P8R1,
GTEX-1H23P-2926-SM-9WYU8,GTEX-1F6IF-0726-SM-7P8TW,GTEX-11OC5-0008-SM-5S2OH,GTEX-1GMR2-1626-SM-9JGHL,GTEX-11EQ8-1326-SM-5EGJQ,GTEX-1GN1W-0006-SM-A9SKL,,GTEX-1R9PM-1526-SM-DPRY8,
GTEX-13N2G-0011-R10a-SM-5MR34,GTEX-1GN1W-0526-SM-9MQJQ,GTEX-XXEK-0008-SM-4BRW7,GTEX-1HKZK-1726-SM-ADEJ9,GTEX-1B8SG-0826-SM-7EWF7,GTEX-132NY-0005-SM-5O9AC,,GTEX-QEL4-1926-SM-D3L8D,
GTEX-13NZA-0011-R1b-SM-5LUAF,GTEX-PWO3-1526-SM-48TCM,GTEX-1GF9X-0008-SM-EAZCX,GTEX-12BJ1-0826-SM-5EQ5P,GTEX-ZAJG-0926-SM-5Q5AB,GTEX-1NUQO-0005-SM-DKPP2,,GTEX-1NSGN-2326-SM-E9U5X,
GTEX-1A8G6-0011-R6b-SM-7P8PE,GTEX-ZVT4-2426-SM-5GIEI,GTEX-1A3MX-0008-SM-EAZDB,,GTEX-14BIL-0926-SM-7DHKN,GTEX-1C6VQ-0005-SM-7P8OR,,GTEX-144GN-1126-SM-5LU33,
GTEX-13S7M-0011-R9a-SM-5O9DW,GTEX-14E6C-2426-SM-5S2NF,GTEX-12BJ1-0008-SM-5TDBZ,,GTEX-17HHY-1426-SM-7EWDQ,GTEX-VUSH-0005-SM-3NB2H,,GTEX-ZP4G-1726-SM-4WWCM,
GTEX-1HBPM-0011-R9b-SM-ARL7C,GTEX-ZVT2-0126-SM-5GIDQ,GTEX-ZDYS-0008-SM-4E3IX,,GTEX-1HCU7-1326-SM-CNPPW,GTEX-T6MO-0006-SM-32QOU,,GTEX-S7SF-1926-SM-4AT5B,
GTEX-1A3MX-0011-R1b-SM-7P8PH,GTEX-Y5V5-2326-SM-4V6GA,GTEX-PSDG-0008-SM-48TE5,,GTEX-11DXX-0526-SM-5PNVR,GTEX-1IDJC-0005-SM-A9G1C,,GTEX-1LG7Z-1426-SM-CXKYV,
GTEX-1445S-0011-R7b-SM-5PNUG,GTEX-1I1GU-2226-SM-CGQFA,GTEX-Q734-0008-SM-48U2I,,GTEX-1211K-0626-SM-5FQUZ,GTEX-XYKS-0005-SM-4BRUD,,GTEX-13S86-1626-SM-5Q5C5,
GTEX-Q2AG-2826-SM-2HMJQ,GTEX-13OVH-0126-SM-5MR4B,GTEX-POYW-0008-SM-48TE4,,GTEX-13JVG-1126-SM-5KM2M,GTEX-X4EP-0005-SM-3P5ZE,,GTEX-R55G-1226-SM-48FDC,
GTEX-1LG7Y-0011-R5a-SM-EZ6MU,GTEX-1JN6P-2926-SM-CL54D,GTEX-15SB6-0008-SM-EAZCE,,GTEX-117YW-0326-SM-5N9CY,GTEX-UTHO-0006-SM-3NMCC,,GTEX-13FTW-1826-SM-5IJEN,
GTEX-N7MS-0011-R2a-SM-2HML6,GTEX-P4PQ-0126-SM-2S1NM,GTEX-Y8E5-0008-SM-57WBA,,GTEX-1HBPM-1026-SM-ARL9D,GTEX-1GZHY-0005-SM-ARZL6,,GTEX-1RAZR-1926-SM-E6CRF,
GTEX-1E2YA-0011-R8a-SM-CKZNG,GTEX-1JMPY-1326-SM-ARL8Y,GTEX-117YW-0008-SM-5QGRD,,GTEX-147F4-1126-SM-5TDDE,GTEX-XBEC-0006-SM-4AT5T,,GTEX-O5YT-1426-SM-3MJHC,
GTEX-14BIM-0011-R11b-SM-5S2RN,GTEX-WQUQ-0426-SM-3MJFU,GTEX-1GMR3-0008-SM-EAZD2,,GTEX-ZVT2-0926-SM-5GICE,GTEX-R3RS-0005-SM-3GAEH,,GTEX-14XAO-2026-SM-69LOI,
GTEX-13CF2-0011-R11b-SM-5LZXO,GTEX-13FHP-0126-SM-5IJBG,GTEX-ZE7O-0008-SM-4E3JQ,,GTEX-WQUQ-1326-SM-3MJFF,GTEX-13OW8-0005-SM-5NQAC,,GTEX-11I78-1226-SM-5A5K6,
GTEX-1LH75-0011-R2b-SM-EYYWQ,GTEX-ZAJG-1526-SM-5CVML,GTEX-11O72-0008-SM-5Q5DN,,GTEX-1LVAN-1726-SM-CNNR1,GTEX-14E7W-0006-SM-5N9GG,,GTEX-1OJC3-1826-SM-DTX93,
GTEX-1JMLX-0011-R6b-SM-EXUT9,GTEX-1QP29-1826-SM-DTX9S,GTEX-131XW-0008-SM-664MJ,,GTEX-Y3IK-1026-SM-51MR7,GTEX-1J8Q3-0005-SM-CNNOY,,GTEX-132AR-2726-SM-5PNVN,
GTEX-QMR6-0011-R1A-SM-32PKW,GTEX-1HFI7-1826-SM-ACKXH,GTEX-ZQUD-0008-SM-4YCCU,,GTEX-14PJ6-0726-SM-69LOL,GTEX-OHPN-0005-SM-2YUML,,GTEX-VJYA-2026-SM-4KL1K,
GTEX-1IDJH-3126-SM-C1YQS,GTEX-18A7A-0126-SM-731AH,GTEX-17HHY-0008-SM-EAZBE,,GTEX-17F9E-0726-SM-793A1,GTEX-1EX96-0006-SM-ARU6J,,GTEX-18D9A-1126-SM-7KFRJ,
GTEX-1313W-0011-R3a-SM-5EGLI,GTEX-1GZ4H-0526-SM-9KNU9,GTEX-OHPK-0008-SM-4E3JL,,GTEX-WFG8-0726-SM-3GILP,GTEX-18A7A-0006-SM-7PC1P,,GTEX-WFON-1426-SM-4LVMT,
GTEX-1F75A-0011-R5a-SM-ARZMJ,GTEX-111VG-1626-SM-5EGIO,GTEX-PLZ6-0008-SM-48TD5,,GTEX-15UF7-1526-SM-6LPI7,GTEX-ZVZQ-0006-SM-51MR8,,GTEX-14JG6-1726-SM-69LPL,
GTEX-15CHQ-0011-R5b-SM-6AJAN,GTEX-1C6WA-0126-SM-7PC2B,GTEX-ZAB4-0008-SM-4RGM6,,GTEX-YB5K-0226-SM-5IFJE,GTEX-1H1DG-0006-SM-ARZL4,,GTEX-1I1GR-2526-SM-CNNQF,
GTEX-X585-0011-R4B-SM-46MVH,GTEX-16YQH-0126-SM-7DUFJ,GTEX-X8HC-0008-SM-46MU6,,GTEX-1CB4J-0226-SM-7P8T4,GTEX-13JUV-0006-SM-5NQ97,,GTEX-147F3-1926-SM-5SIB9,
GTEX-1GZHY-0011-R11a-SM-C1YRQ,GTEX-WK11-2726-SM-3NMAQ,GTEX-1F75W-0008-SM-EAZCU,,GTEX-OIZG-1126-SM-2HMIU,GTEX-11NV4-0005-SM-5N9EX,,GTEX-1MJK3-0926-SM-EV7AY,
GTEX-1MA7X-0011-R6a-SM-EYYWR,GTEX-13OVI-1426-SM-5L3EY,GTEX-Y114-0008-SM-4TT8X,,GTEX-XBEC-1226-SM-4AT65,GTEX-Y8E5-0006-SM-47JWQ,,GTEX-178AV-1326-SM-6LPJX,
GTEX-1EX96-0011-R5a-SM-ARU83,GTEX-1B97I-0626-SM-73KUZ,GTEX-1313W-0008-SM-5YYAP,,GTEX-WZTO-1226-SM-3NMAZ,GTEX-14PJ5-0005-SM-9MQLO,,GTEX-1399U-1926-SM-5IFH7,
GTEX-15UF6-0011-R1a-SM-9QEGH,GTEX-1IGQW-0126-SM-COH42,GTEX-ZVZP-0008-SM-51MSX,,GTEX-131XF-5001-SM-7DHLY,GTEX-1HC8U-0005-SM-ADEGV,,GTEX-1PFEY-1726-SM-DPRZ4,
GTEX-1CB4G-0011-R10a-SM-9QEHS,GTEX-11LCK-1026-SM-5A5KB,GTEX-1I1GP-0008-SM-EXUT6,,GTEX-1JJEA-0826-SM-CL53T,GTEX-1CB4J-0006-SM-ACKV6,,GTEX-QDVN-1326-SM-48TZ3,
GTEX-11DXW-0011-R5b-SM-DO11D,GTEX-S33H-1026-SM-EZ6L6,GTEX-12ZZZ-0008-SM-5YY9S,,GTEX-ZV7C-0326-SM-57WB1,GTEX-V1D1-0006-SM-3NMCE,,GTEX-1IKOE-2026-SM-AHZ31,
GTEX-1GF9W-2626-SM-7P8TA,GTEX-1I1GR-0126-SM-CL55F,GTEX-VUSH-0004-SM-3P61T,,GTEX-1RMOY-0626-SM-E9TIE,GTEX-1A8FM-0006-SM-7MGWI,,GTEX-W5WG-2026-SM-4LMIB,
GTEX-14753-0011-R8b-SM-5S2U1,GTEX-1F6RS-2026-SM-7RHHC,GTEX-W5X1-0001-SM-3P61V,,GTEX-18D9B-1226-SM-72D6V,GTEX-1KWVE-0005-SM-CYPSE,,GTEX-111CU-1426-SM-5GZYP,
GTEX-NL4W-0011-R8a-SM-2I3G4,GTEX-183WM-0326-SM-72D5V,GTEX-WFON-0001-SM-3P61W,,GTEX-ZVZQ-0726-SM-51MR3,GTEX-1JMOU-0006-SM-DHXJ7,,GTEX-14PHX-1526-SM-68717,
GTEX-11DYG-0011-R5a-SM-DO928,GTEX-1GMRU-0126-SM-9YFLV,GTEX-1FIGZ-0001-SM-EAZCM,,GTEX-17HGU-1126-SM-793BP,GTEX-12WSL-0005-SM-5NQAD,,GTEX-S4P3-1226-SM-4AD4Y,
GTEX-QDT8-0011-R4A-SM-32PKM,GTEX-ZQG8-1626-SM-DHXIT,GTEX-1IKOH-0001-SM-EAZDF,,GTEX-YEC3-0426-SM-CYPS8,GTEX-13113-0006-SM-5NQ7X,,GTEX-UJMC-1326-SM-4IHLS,
GTEX-1HFI6-0011-R11b-SM-A96RU,GTEX-1R46S-0626-SM-E9J41,GTEX-WFJO-0002-SM-3P61X,,GTEX-VUSG-0726-SM-3GIK1,GTEX-1JMPZ-0006-SM-DHXJ9,,,
GTEX-1LB8K-0011-R6a-SM-EXURT,GTEX-1B8KZ-0326-SM-73KY4,GTEX-ZVTK-0003-SM-51MRV,,GTEX-1H2FU-0826-SM-9WYSU,GTEX-TMZS-0006-SM-3DB8G,,,
GTEX-14PN4-0011-R11a-SM-686ZW,GTEX-13113-5016-SM-7EPIP,GTEX-ZLWG-0004-SM-4WWD5,,GTEX-1LH75-0526-SM-DIPG2,GTEX-1QP28-0006-SM-DLZQW,,,
GTEX-1B8L1-0011-R3a-SM-7EPIO,GTEX-1GN73-0226-SM-9WG67,GTEX-WFG8-0001-SM-4LVN8,,GTEX-1IKK5-1526-SM-CKZPW,GTEX-1R9PM-0006-SM-CYPTI,,,
GTEX-1B8L1-3026-SM-7EPHK,GTEX-RVPV-0126-SM-EAZAW,GTEX-11ZTT-0002-SM-5S2PA,,GTEX-13FXS-1026-SM-62LFQ,GTEX-P44H-0006-SM-2XCFB,,,
GTEX-1GZHY-0011-R8b-SM-9OSWK,GTEX-14PHX-2326-SM-62LEM,GTEX-11P7K-0003-SM-5S2OU,,GTEX-V955-0726-SM-3GAFG,GTEX-1LVA9-0006-SM-DKPPN,,,
GTEX-11OF3-0011-R6b-SM-57WBG,GTEX-18A6Q-0626-SM-7KFRP,GTEX-VUSG-0003-SM-3NMDK,,GTEX-1CB4G-0726-SM-79OOJ,GTEX-WYJK-0005-SM-3NMA1,,,
GTEX-11PRG-0011-R4a-SM-DNZZR,GTEX-1CB4I-0226-SM-79OLH,GTEX-WWTW-0002-SM-4MVNH,,GTEX-13CF2-0226-SM-5L3DV,GTEX-1H4P4-0006-SM-AHZ24,,,
GTEX-13NZA-0011-R11b-SM-5KM4W,GTEX-1PPH8-0126-SM-EWRN8,GTEX-Y9LG-0001-SM-4VBRQ,,GTEX-14PK6-0726-SM-6LLIX,GTEX-T8EM-0006-SM-3DB71,,,
GTEX-13OW5-0011-R8a-SM-5L3GQ,GTEX-ZWKS-0626-SM-5GIDV,GTEX-XLM4-0004-SM-4AT5I,,GTEX-12BJ1-0226-SM-5LUA2,GTEX-1HSMQ-0006-SM-ARU6N,,,
GTEX-13OW6-0011-R10a-SM-5L3HE,GTEX-1HC8U-1326-SM-9YFMJ,GTEX-Y8DK-0004-SM-4RGM7,,GTEX-13CF3-0726-SM-5J2MY,GTEX-1QEPI-0006-SM-CY8GY,,,
GTEX-TSE9-3026-SM-3DB76,GTEX-1IDJU-2626-SM-CM2RT,GTEX-1EMGI-0001-SM-EAZCK,,GTEX-14E6C-0426-SM-5YYA8,GTEX-1R7EV-0005-SM-DO938,,,
GTEX-14C5O-0011-R8a-SM-5YYAG,GTEX-1HSMQ-2626-SM-A9SML,GTEX-1F52S-0001-SM-EVR36,,GTEX-1F6I4-0826-SM-7RHGK,GTEX-1GN1U-0006-SM-ARU6G,,,
GTEX-1H23P-0011-R3b-SM-CL54S,GTEX-11GS4-0226-SM-5HL77,,,GTEX-YFC4-0426-SM-4TT3J,GTEX-11VI4-0006-SM-5N9D8,,,
GTEX-1F75W-0011-R11b-SM-AHZ34,GTEX-1LGRB-0926-SM-COH3K,,,GTEX-1MCC2-0226-SM-EVYD5,GTEX-16BQI-0006-SM-7SB6K,,,
GTEX-1I1GV-0011-R2a-SM-ARZLF,GTEX-11VI4-1726-SM-5CVLH,,,GTEX-T2IS-0426-SM-32QPE,GTEX-1313W-0006-SM-5O9B1,,,
GTEX-1I1CD-0011-R7a-SM-CMKHA,GTEX-13OVL-0126-SM-5L3GJ,,,GTEX-1399R-1726-SM-5K7YJ,GTEX-11TTK-0005-SM-5O9BX,,,
GTEX-NPJ8-2626-SM-2D7W2,GTEX-1BAJH-0526-SM-793CQ,,,GTEX-1EX96-2526-SM-7RHGW,GTEX-1MCQQ-0005-SM-DKPPV,,,
GTEX-ZAK1-3026-SM-5S2MJ,GTEX-145LS-0126-SM-5QGP1,,,GTEX-117YX-0626-SM-5EGJI,GTEX-15G1A-0006-SM-7PC1Z,,,
GTEX-14BIM-0011-R1a-SM-69LQI,GTEX-11EI6-2826-SM-5H11D,,,GTEX-11TT1-1326-SM-5PNYM,GTEX-17HHE-0005-SM-7P8OT,,,
GTEX-RNOR-0011-R9A-SM-2TF52,GTEX-14JFF-0626-SM-5ZZVT,,,GTEX-14JG1-1026-SM-6ETZY,GTEX-1C4CL-0005-SM-7MKF3,,,
GTEX-1EMGI-0011-R5a-SM-CJI2E,GTEX-1QP66-1726-SM-E8VO1,,,GTEX-13FHP-0826-SM-5K7V5,GTEX-X62O-0005-SM-46MV1,,,
GTEX-XMD1-0011-R9A-SM-4AT49,GTEX-1K2DA-1826-SM-CGQGT,,,GTEX-1KXAM-1326-SM-E9TJW,GTEX-12KS4-0005-SM-5SI94,,,
GTEX-13X6I-0011-R4b-SM-5PNU9,GTEX-S95S-1226-SM-4GICG,,,GTEX-1PPGY-0926-SM-DTXFF,GTEX-1497J-0005-SM-5NQBD,,,
GTEX-1IKK5-0011-R8b-SM-CJI45,GTEX-R55G-2526-SM-2TC6D,,,GTEX-14XAO-0926-SM-69LPZ,GTEX-U3ZN-0006-SM-3DB7Y,,,
GTEX-1C6WA-3026-SM-7P8RQ,GTEX-P44H-0226-SM-2XCEU,,,GTEX-1CB4I-1526-SM-7DHMY,GTEX-1HSKV-0006-SM-ARZL9,,,
GTEX-16NPV-0011-R9b-SM-79ONF,GTEX-1O9I2-0226-SM-EYYXD,,,GTEX-XQ8I-0226-SM-4BOPM,GTEX-16NPX-0005-SM-7MKGG,,,
GTEX-1HR9M-0011-R10a-SM-CM2SU,GTEX-11H98-0126-SM-5EGHG,,,GTEX-11EM3-0426-SM-5N9BZ,GTEX-131XG-0006-SM-5O9CE,,,
GTEX-13RTJ-0011-R3a-SM-5PNX7,GTEX-WXYG-2026-SM-4E3IY,,,GTEX-Y5V5-0726-SM-4VBPY,GTEX-QESD-0006-SM-2I5G6,,,
GTEX-13FHP-0011-R5b-SM-5LZY2,GTEX-145MI-0526-SM-5O9A8,,,GTEX-15RIE-1726-SM-7KUMU,GTEX-1CB4H-0006-SM-A96RE,,,
GTEX-131YS-0011-R11b-SM-5EGLM,GTEX-1MCC2-1826-SM-DIPEX,,,GTEX-145MN-0626-SM-5QGRH,GTEX-POMQ-0006-SM-5SI7D,,,
GTEX-14LLW-0011-R5b-SM-5ZZU6,GTEX-WHSB-0426-SM-4M1XI,,,GTEX-14BIL-1126-SM-79OMC,GTEX-1J8Q2-0006-SM-CNNOZ,,,
GTEX-1JMPZ-0011-R3a-SM-EYYWX,GTEX-1KANA-0626-SM-D4P3I,,,GTEX-QV44-0526-SM-2S1RE,GTEX-14PJ4-0006-SM-7RHFY,,,
GTEX-13G51-0011-R11b-SM-5J2NE,GTEX-14E1K-1226-SM-5S2PD,,,GTEX-14E1K-0826-SM-5ZZW9,GTEX-X4XY-0006-SM-46MV2,,,
GTEX-ZF28-0011-R8a-SM-4WWFW,GTEX-13FTW-1626-SM-5KM4N,,,GTEX-ZAB5-0226-SM-5CVMH,GTEX-1RAZA-0006-SM-CKZO9,,,
GTEX-1HBPI-0011-R8a-SM-A9G1S,GTEX-132Q8-1826-SM-5EGIY,,,GTEX-1B996-1126-SM-73KWN,GTEX-1I6K7-0005-SM-ARL72,,,
GTEX-12WSM-0011-R1a-SM-5LZW6,GTEX-1J8QM-1926-SM-AHZ3Z,,,GTEX-1GZ2Q-0926-SM-7RHHN,GTEX-1IGQW-0005-SM-CMKFR,,,
GTEX-1F48J-2726-SM-7P8PW,GTEX-UPK5-1226-SM-4IHL8,,,GTEX-1MJIX-0426-SM-DTXEN,GTEX-XUYS-0005-SM-47JZ2,,,
GTEX-1JJEA-0011-R11a-SM-EXUTE,GTEX-13OVI-2626-SM-5KM4T,,,GTEX-13X6J-1226-SM-79OMF,GTEX-14PHW-0005-SM-9KNTK,,,
GTEX-14E7W-2926-SM-5S2R8,GTEX-1QP9N-0926-SM-E9U5S,,,GTEX-12BJ1-0326-SM-5FQUB,GTEX-1F7RK-0006-SM-ACKV4,,,
GTEX-13SLX-0011-R4a-SM-5O9BJ,GTEX-1RAZS-2626-SM-EV79C,,,GTEX-15CHC-0326-SM-5ZZVP,GTEX-UPJH-0006-SM-3GACW,,,
GTEX-13OVJ-0011-R8b-SM-5L3FS,GTEX-T6MO-0526-SM-4DM6R,,,GTEX-N7MS-0826-SM-2HML4,GTEX-1I1CD-0005-SM-ADEGY,,,
GTEX-1E1VI-0011-R5b-SM-9WG5V,GTEX-SJXC-1426-SM-EYYVB,,,GTEX-1GF9V-1726-SM-9KNW4,GTEX-1IKK5-0006-SM-CMKFI,,,
GTEX-15DCD-0011-R8b-SM-7KUEF,GTEX-11P82-0526-SM-5986P,,,GTEX-11GSP-1326-SM-5A5KY,GTEX-1EH9U-0005-SM-ACKV3,,,
GTEX-1IKK5-0011-R3b-SM-C1YRY,GTEX-OXRP-0926-SM-48TC1,,,GTEX-1IKJJ-0826-SM-A96SP,GTEX-14ICK-0006-SM-5NQB5,,,
GTEX-14E7W-0011-R3b-SM-5YYB5,GTEX-13O61-0926-SM-5IFFE,,,GTEX-14A6H-0226-SM-5Q5DX,,,,
GTEX-T6MN-0011-R10A-SM-32QP7,GTEX-13111-0826-SM-5LZV3,,,GTEX-1GMR3-0426-SM-7PC17,,,,
GTEX-15CHQ-0011-R1a-SM-COH27,GTEX-RWS6-0826-SM-47JXF,,,GTEX-1HC8U-0626-SM-B2LWB,,,,
GTEX-11EI6-2926-SM-5985U,GTEX-1CB4J-2426-SM-7MXVC,,,GTEX-13D11-1726-SM-5IFGQ,,,,
GTEX-1R46S-0011-R7b-SM-EXUTH,GTEX-1LBAC-1226-SM-DHXK1,,,GTEX-ZPCL-0426-SM-DNZZ4,,,,
GTEX-N7MS-0011-R3a-SM-33HC6,GTEX-1IDFM-1126-SM-A96SY,,,GTEX-131XE-0526-SM-5K7YT,,,,
GTEX-13OW6-0011-R4a-SM-5O9DX,GTEX-117YW-1926-SM-5H121,,,GTEX-ZF2S-0826-SM-4WWBI,,,,
GTEX-13OVJ-0011-R7a-SM-5L3G1,GTEX-OOBK-0625-SM-3LK5P,,,GTEX-1A3MX-1326-SM-72D58,,,,
GTEX-WHSE-0011-R7A-SM-3P5YZ,GTEX-ZDTT-1326-SM-4WKFH,,,GTEX-O5YV-0326-SM-2I5H2,,,,
GTEX-16GPK-0011-R11b-SM-7MKFF,GTEX-14ICK-2026-SM-6AJB2,,,GTEX-1POEN-0726-SM-DTXDU,,,,
GTEX-11EI6-0011-R8a-SM-DO93M,GTEX-12WSN-5013-SM-7P8P9,,,GTEX-144GL-1026-SM-5O99R,,,,
GTEX-1445S-0011-R6b-SM-5PNUF,GTEX-XV7Q-1126-SM-4BRVS,,,GTEX-1212Z-0726-SM-5EGI5,,,,
GTEX-S7SE-0011-R5A-SM-2XCDA,GTEX-15F5U-5010-SM-AHZ2D,,,GTEX-13O1R-0926-SM-5L3DS,,,,
GTEX-147GR-0011-R2b-SM-5S2RQ,GTEX-VUSG-1226-SM-4KKZF,,,GTEX-14DAQ-1026-SM-793B1,,,,
GTEX-15SHU-0011-R3a-SM-7IGPS,GTEX-13JVG-2026-SM-5KM1N,,,GTEX-18465-0726-SM-7LG4L,,,,
GTEX-13FHP-0011-R1b-SM-5K7XL,GTEX-144GN-0626-SM-5O9B2,,,GTEX-18D9U-1426-SM-718BO,,,,
GTEX-PWO3-0011-R3A-SM-2I5EX,GTEX-ZPCL-1426-SM-57WEC,,,GTEX-1K9T9-1126-SM-D3L9E,,,,
GTEX-ZE9C-0011-R4a-SM-4WKH6,GTEX-1JMPZ-2026-SM-C1YR8,,,GTEX-1445S-1226-SM-5O9BF,,,,
GTEX-14E7W-0011-R10a-SM-5YYAX,GTEX-1LB8K-1326-SM-CXZKB,,,GTEX-YEC4-0326-SM-4W216,,,,
GTEX-1QP67-1626-SM-EAZ3X,GTEX-12WSA-1426-SM-5EGJU,,,GTEX-1R9K4-1326-SM-DTX8G,,,,
GTEX-YB5K-0626-SM-5LUB5,GTEX-146FR-0426-SM-5SI97,,,GTEX-1ICG6-0726-SM-B2LY5,,,,
GTEX-15UF6-2226-SM-6M471,GTEX-15RIF-0826-SM-6M47C,,,GTEX-P78B-1626-SM-5SI85,,,,
GTEX-1I6K6-2026-SM-CGQFE,GTEX-RNOR-1226-SM-48FDQ,,,GTEX-14ABY-0126-SM-62LDI,,,,
GTEX-1HBPN-1426-SM-9WPNO,GTEX-11LCK-1726-SM-5S2OQ,,,GTEX-18A7B-0326-SM-7LG65,,,,
GTEX-ZTTD-1426-SM-4YCEX,GTEX-1EU9M-2326-SM-7MKGS,,,GTEX-V1D1-2426-SM-3GAER,,,,
GTEX-1R9PM-1026-SM-EVR3N,GTEX-1LVAN-2326-SM-CNNPY,,,GTEX-13N11-2726-SM-5L3ER,,,,
GTEX-1E1VI-1626-SM-7EPIL,GTEX-1HCU8-2226-SM-9WPOV,,,GTEX-131XE-2726-SM-5P9G7,,,,
GTEX-1AX8Z-1826-SM-73KW6,,,,GTEX-1J8JJ-0126-SM-D3L93,,,,
GTEX-U3ZN-1826-SM-4DXUY,,,,GTEX-16MT8-0326-SM-6PAM5,,,,
GTEX-1R9K5-1626-SM-E76QB,,,,GTEX-1GN1V-0326-SM-9WYTO,,,,
GTEX-148VI-1226-SM-5RQJR,,,,GTEX-1M5QR-1326-SM-EWROC,,,,
GTEX-1B97J-1426-SM-79OLR,,,,GTEX-O5YV-2026-SM-2D7VS,,,,
GTEX-YFCO-0726-SM-5ZZVJ,,,,GTEX-1LB8K-0126-SM-EVYCN,,,,
GTEX-139TU-1326-SM-5LZXW,,,,GTEX-1HBPN-0526-SM-A9SM6,,,,
GTEX-1JMPZ-1926-SM-E9TIT,,,,GTEX-X88G-0326-SM-47JZ4,,,,
GTEX-13RTK-0626-SM-5Q5EK,,,,GTEX-RWS6-2126-SM-2XCAV,,,,
GTEX-QDVJ-0826-SM-48U1S,,,,GTEX-ZV7C-2426-SM-5NQ7Q,,,,
GTEX-1GZ2Q-2926-SM-7PBZL,,,,GTEX-13N1W-0526-SM-5MR4I,,,,
GTEX-ZLFU-1026-SM-5EQMZ,,,,GTEX-1LNCM-1226-SM-E9U5C,,,,
GTEX-1A3MV-1526-SM-731BO,,,,GTEX-POYW-0526-SM-2XCEY,,,,
GTEX-OIZG-0926-SM-3LK5Y,,,,GTEX-1I1GV-0126-SM-CL55G,,,,
GTEX-14PJ5-0626-SM-6LLIJ,,,,GTEX-U3ZG-0326-SM-47JXN,,,,
GTEX-1ICG6-2126-SM-CE6T2,,,,GTEX-1QW4Y-1726-SM-EWRN1,,,,
GTEX-ZTX8-0326-SM-59HLA,,,,GTEX-132Q8-0626-SM-5L3F3,,,,
GTEX-1F5PL-1126-SM-7P8SH,,,,GTEX-13NYS-0326-SM-5MR4L,,,,
GTEX-1QCLZ-1526-SM-EXUSS,,,,GTEX-1QP28-0526-SM-E8VNR,,,,
GTEX-1LVA9-2426-SM-EWROM,,,,GTEX-148VJ-0326-SM-5QGQE,,,,
GTEX-OXRK-1426-SM-3NB19,,,,GTEX-13NZA-0526-SM-5L3D7,,,,
GTEX-14PJ2-2726-SM-5ZZVZ,,,,GTEX-17JCI-0326-SM-7LG5H,,,,
GTEX-OOBK-0726-SM-3LK5Q,,,,GTEX-1GPI7-0426-SM-7RHHP,,,,
GTEX-13OVI-2526-SM-5KM4V,,,,GTEX-1399U-2526-SM-5L3DL,,,,
GTEX-1B8KZ-0626-SM-73KWE,,,,GTEX-U3ZH-1926-SM-4DXTR,,,,
GTEX-11I78-1426-SM-5PNVY,,,,GTEX-ZF3C-0326-SM-4WWBF,,,,
GTEX-13O21-0826-SM-5J2NU,,,,GTEX-1F5PL-0426-SM-7P8PR,,,,
GTEX-1J8QM-0826-SM-CJI2P,,,,GTEX-ZPCL-2026-SM-57WFD,,,,
GTEX-1RAZA-1426-SM-EV79H,,,,GTEX-1H1DG-0326-SM-9QEHK,,,,
GTEX-N7MS-1126-SM-3LK5E,,,,GTEX-REY6-0826-SM-2TF4S,,,,
GTEX-1QP67-0826-SM-EVR46,,,,GTEX-ZPIC-2526-SM-57WDP,,,,
GTEX-ZGAY-1226-SM-DO92W,,,,GTEX-X4XY-0626-SM-4E3IN,,,,
GTEX-WRHK-0426-SM-4MVOG,,,,GTEX-13112-2626-SM-5BC66,,,,
GTEX-15FZZ-1326-SM-6PANN,,,,GTEX-XUZC-2126-SM-4BRW8,,,,
GTEX-WHSB-0526-SM-4M1XM,,,,GTEX-V955-2426-SM-3GAEF,,,,
GTEX-1KANA-0526-SM-DIPF9,,,,GTEX-14E6E-2026-SM-664N5,,,,
GTEX-11LCK-1626-SM-5PNYB,,,,GTEX-Y111-0326-SM-4SOIX,,,,
GTEX-1NV8Z-1426-SM-DTX91,,,,GTEX-18D9B-0426-SM-7LTAR,,,,
GTEX-VJYA-0626-SM-4KL1S,,,,GTEX-ZVE1-0526-SM-5NQ71,,,,
GTEX-X3Y1-1226-SM-4PQZ8,,,,GTEX-T5JC-0626-SM-3NMA6,,,,
GTEX-XV7Q-1026-SM-4BRVR,,,,GTEX-11EI6-0326-SM-5EQ6G,,,,
GTEX-15UKP-2026-SM-6LPIC,,,,GTEX-1H2FU-0526-SM-ACKXO,,,,
GTEX-14BIL-1826-SM-7DUEO,,,,GTEX-PLZ5-1726-SM-2I5F6,,,,
GTEX-RTLS-1226-SM-46MUP,,,,GTEX-16NGA-1926-SM-7LTA6,,,,
GTEX-1HT8W-2026-SM-CNNQC,,,,GTEX-1H1E6-2126-SM-9KNVM,,,,
GTEX-111CU-0626-SM-5EGHL,,,,GTEX-15DCD-0626-SM-7KUG7,,,,
GTEX-1LG7Y-1626-SM-D4P24,,,,GTEX-1KXAM-2426-SM-DIPFC,,,,
GTEX-1R9JW-1626-SM-E76QK,,,,GTEX-XBEC-0626-SM-4QARY,,,,
GTEX-145MO-1226-SM-5QGPC,,,,GTEX-1HCU6-0526-SM-A9SKU,,,,
GTEX-U3ZH-1726-SM-3DB79,,,,GTEX-139TS-2626-SM-5J1MT,,,,
GTEX-13D11-2726-SM-5K7V7,,,,GTEX-XGQ4-2326-SM-4AT53,,,,
GTEX-1B97J-0526-SM-793C2,,,,GTEX-PX3G-1626-SM-2S1PT,,,,
GTEX-T8EM-0426-SM-4DM7E,,,,GTEX-15SHU-0626-SM-7KUFH,,,,
GTEX-13YAN-1526-SM-5LU3E,,,,GTEX-17GQL-1926-SM-718B9,,,,
GTEX-QDVJ-0626-SM-48U1T,,,,GTEX-1HFI7-1926-SM-A96TQ,,,,
GTEX-S7SE-0526-SM-2XCD8,,,,GTEX-W5WG-1926-SM-4KKZK,,,,
GTEX-11DXZ-0426-SM-5987Y,,,,GTEX-14BMU-2026-SM-5S2W6,,,,
GTEX-17F9E-1226-SM-7EWDG,,,,GTEX-QVUS-0226-SM-3GIJY,,,,
GTEX-1JKYN-0226-SM-ARL9H,,,,GTEX-TSE9-0526-SM-3DB7Z,,,,
GTEX-Y5LM-0226-SM-4VBRM,,,,GTEX-1IDJV-0426-SM-COH3Z,,,,
GTEX-1QAET-0526-SM-EYYXF,,,,GTEX-N7MS-0426-SM-2YUN6,,,,
GTEX-12WSN-2726-SM-5LZUK,,,,GTEX-1C4CL-0326-SM-7DHMH,,,,
GTEX-WHSE-1126-SM-3NMBU,,,,GTEX-XYKS-2426-SM-4AT43,,,,
GTEX-1JK1U-2326-SM-CNPOV,,,,GTEX-1IL2U-0726-SM-EAZ2Y,,,,
GTEX-13O3O-1126-SM-5KM4Q,,,,GTEX-ZA64-2026-SM-5PNXT,,,,
GTEX-18QFQ-0526-SM-718AV,,,,GTEX-1CAMR-1726-SM-793CU,,,,
GTEX-13FH7-0326-SM-5J1MR,,,,GTEX-13FHO-0726-SM-5IJDG,,,,
GTEX-1AYCT-0326-SM-73KVN,,,,GTEX-U3ZM-1226-SM-3DB9G,,,,
GTEX-13OW8-1826-SM-5L3H1,,,,GTEX-13NYB-2726-SM-5J2MT,,,,
GTEX-18D9A-1626-SM-7LG5Q,,,,GTEX-R55D-0626-SM-3GAD5,,,,
GTEX-ZG7Y-2326-SM-DO92L,,,,GTEX-1R9K5-0326-SM-EWRNG,,,,
GTEX-14E7W-0526-SM-5S2W8,,,,GTEX-11TUW-2526-SM-5EQKN,,,,
GTEX-WY7C-2826-SM-3NB3Q,,,,GTEX-YEC4-2226-SM-5IFJT,,,,
GTEX-1I1GP-0926-SM-COH3O,,,,GTEX-OOBK-1626-SM-2HMKG,,,,
GTEX-1HB9E-0926-SM-COH3D,,,,GTEX-17EVP-1326-SM-7DHMR,,,,
GTEX-1R9PN-0226-SM-DTX84,,,,GTEX-R55E-0526-SM-2TC6B,,,,
GTEX-13FTY-0426-SM-5IJC2,,,,GTEX-1F6IF-0226-SM-7PBZ6,,,,
GTEX-ZTX8-1826-SM-5N9E5,,,,GTEX-1NUQO-0726-SM-E9J3K,,,,
GTEX-QESD-0326-SM-47J4F,,,,GTEX-PWCY-2026-SM-5SI8R,,,,
GTEX-QEL4-1126-SM-DLZQ4,,,,GTEX-1JMQI-2126-SM-CM2SC,,,,
GTEX-ZLV1-1926-SM-5FQSF,,,,GTEX-1PPH7-2526-SM-E76OJ,,,,
GTEX-12WSK-0426-SM-5GCNS,,,,GTEX-OIZG-1326-SM-2HMIQ,,,,
GTEX-1C6WA-0426-SM-7PC2C,,,,GTEX-11OF3-2526-SM-5P9JL,,,,
GTEX-VUSH-0526-SM-3NB2J,,,,GTEX-1CB4I-0326-SM-7DHMM,,,,
GTEX-U8XE-0626-SM-3DB8U,,,,GTEX-1B8KZ-2126-SM-73KYG,,,,
GTEX-13RTJ-2626-SM-7DHKR,,,,GTEX-1CB4G-0426-SM-7MXUN,,,,
GTEX-QEG4-0926-SM-4R1JO,,,,GTEX-11DXZ-2426-SM-5N9DT,,,,
GTEX-1IDJC-0426-SM-B2LW1,,,,GTEX-12WSF-0926-SM-6PALU,,,,
GTEX-SIU8-0426-SM-4BRUE,,,,GTEX-14753-0526-SM-5QGPR,,,,
GTEX-14ICL-1826-SM-5RQIY,,,,GTEX-SE5C-1826-SM-2XCE4,,,,
GTEX-1GZ4H-0726-SM-9WG6X,,,,GTEX-1I1HK-0326-SM-ACKW5,,,,
GTEX-1OFPY-1126-SM-E8VNV,,,,GTEX-13FTY-0226-SM-5IJBW,,,,
GTEX-XOT4-0426-SM-4B66T,,,,GTEX-1GMR3-2126-SM-9WYTZ,,,,
GTEX-13FH7-0426-SM-5KM4M,,,,GTEX-PLZ6-1526-SM-2S1OC,,,,
GTEX-13FXS-1126-SM-5IJBB,,,,,,,,
GTEX-QV44-0626-SM-4R1KJ,,,,,,,,
GTEX-1LNCM-0326-SM-DIPF5,,,,,,,,
GTEX-ZYT6-0826-SM-5E43I,,,,,,,,
GTEX-1I1GU-1926-SM-ADEHK,,,,,,,,
GTEX-1269C-2826-SM-5EQ5O,,,,,,,,
GTEX-1A8G7-0426-SM-731B5,,,,,,,,
GTEX-12WSN-0326-SM-5GCP6,,,,,,,,
GTEX-QLQW-1526-SM-2S1QV,,,,,,,,
GTEX-Y5V6-2826-SM-4VDSF,,,,,,,,
GTEX-1JMQI-0226-SM-ARZN3,,,,,,,,
GTEX-ZVT2-2626-SM-51MTD,,,,,,,,
GTEX-ZPU1-0526-SM-4YCDA,,,,,,,,
GTEX-13RTK-0126-SM-5RQHQ,,,,,,,,
GTEX-15ER7-1426-SM-6PAMA,,,,,,,,
GTEX-XMK1-2526-SM-4B666,,,,,,,,
GTEX-1J8Q3-1026-SM-CGQED,,,,,,,,
GTEX-1CB4F-0726-SM-793AO,,,,,,,,
GTEX-1M4P7-0426-SM-DKPQG,,,,,,,,
GTEX-14C38-1226-SM-5S2UK,,,,,,,,
GTEX-ZPIC-0326-SM-DO91U,,,,,,,,
GTEX-1MUQO-0426-SM-E9J2Z,,,,,,,,
GTEX-O5YU-0726-SM-EV792,,,,,,,,
GTEX-13VXU-1926-SM-5LU5J,,,,,,,,
GTEX-1N2EF-0326-SM-EYYXC,,,,,,,,
GTEX-1GL5R-2126-SM-9WYTK,,,,,,,,
GTEX-1R9PO-2526-SM-EVYBT,,,,,,,,
GTEX-1RDX4-0526-SM-EAZ44,,,,,,,,
GTEX-16AAH-1926-SM-7LG4C,,,,,,,,
GTEX-12WSE-1126-SM-7DUEH,,,,,,,,
GTEX-13O21-2926-SM-5J1OU,,,,,,,,
GTEX-11DXZ-2626-SM-59882,,,,,,,,
GTEX-15SHV-0826-SM-7KUFA,,,,,,,,
GTEX-1LBAC-0526-SM-D3L9S,,,,,,,,
GTEX-OHPK-0426-SM-3MJH3,,,,,,,,
GTEX-YFC4-0326-SM-4TT3U,,,,,,,,
GTEX-P78B-0826-SM-3NMCA,,,,,,,,
GTEX-12WSL-2626-SM-5GCNV,,,,,,,,
GTEX-14B4R-2026-SM-5QGQL,,,,,,,,
GTEX-14AS3-0526-SM-5QGQQ,,,,,,,,
GTEX-13D11-1426-SM-5K7Y9,,,,,,,,
GTEX-ZAB4-0526-SM-5HL7Z,,,,,,,,
GTEX-Y8E4-0226-SM-4VBQ3,,,,,,,,
GTEX-11EM3-0226-SM-5985Y,,,,,,,,
GTEX-13O1R-1026-SM-5KM2L,,,,,,,,
GTEX-13G51-2926-SM-5IJDL,,,,,,,,
GTEX-147F4-0126-SM-5QGPV,,,,,,,,
GTEX-XQ3S-0126-SM-4BOO9,,,,,,,,
GTEX-1HCU8-1526-SM-ADEHG,,,,,,,,
GTEX-ZYFG-0126-SM-5GIDH,,,,,,,,
GTEX-113IC-0426-SM-5HL5O,,,,,,,,
GTEX-1H3NZ-1226-SM-9MQKT,,,,,,,,
GTEX-OHPN-0426-SM-E9TI6,,,,,,,,
GTEX-1R7EV-1026-SM-DTX81,,,,,,,,
GTEX-1LG7Y-0426-SM-DKPQB,,,,,,,,
GTEX-1F52S-0226-SM-7SB7U,,,,,,,,
GTEX-1I1GQ-1026-SM-CNNQS,,,,,,,,
GTEX-ZVP2-0226-SM-57WBD,,,,,,,,
GTEX-1128S-2126-SM-5H12U,,,,,,,,
GTEX-1HCU8-0726-SM-ADEIR,,,,,,,,
GTEX-13N1W-1226-SM-5K7UM,,,,,,,,
GTEX-1JKYN-0526-SM-CGQG3,,,,,,,,
GTEX-1NV5F-2526-SM-EXUSK,,,,,,,,
GTEX-16NGA-1826-SM-7LG5L,,,,,,,,
GTEX-13X6I-1526-SM-5SIAC,,,,,,,,
GTEX-11P81-2426-SM-5GU65,,,,,,,,
GTEX-1IY9M-0226-SM-CMKHP,,,,,,,,
GTEX-1I1GV-0426-SM-ARZLX,,,,,,,,
GTEX-1B8KZ-1926-SM-7DUG8,,,,,,,,
GTEX-14ICK-0326-SM-6LLIZ,,,,,,,,
GTEX-13S86-0926-SM-5SI6I,,,,,,,,
GTEX-11O72-0226-SM-59869,,,,,,,,
GTEX-1HCU6-0226-SM-CGQES,,,,,,,,
GTEX-QEG5-0326-SM-2S1PB,,,,,,,,
GTEX-1S82P-0226-SM-E6CI6,,,,,,,,
GTEX-1497J-2326-SM-5NQBK,,,,,,,,
GTEX-111YS-2426-SM-5GZZQ,,,,,,,,
GTEX-1EMGI-0226-SM-9MQL1,,,,,,,,
GTEX-1GMR8-0226-SM-9YFL3,,,,,,,,
GTEX-1HR9M-0226-SM-COH3E,,,,,,,,
GTEX-1128S-0926-SM-5GZZU,,,,,,,,
GTEX-1IDJU-2526-SM-CMKGF,,,,,,,,
GTEX-147F3-0626-SM-5NQ9I,,,,,,,,
GTEX-1ICLZ-0226-SM-CKZPP,,,,,,,,
GTEX-18A7A-0326-SM-731AT,,,,,,,,
GTEX-1AMEY-1426-SM-7939I,,,,,,,,
GTEX-1GN73-0326-SM-9KNTW,,,,,,,,
GTEX-11PRG-0626-SM-5BC56,,,,,,,,
GTEX-1LG7Z-2026-SM-DLHBP,,,,,,,,
GTEX-WOFM-0726-SM-3MJF8,,,,,,,,
GTEX-11EQ8-0226-SM-5EQ5G,,,,,,,,
GTEX-13NZA-0126-SM-5K7UH,,,,,,,,
GTEX-1GF9W-1026-SM-7SB8X,,,,,,,,
GTEX-1I4MK-0726-SM-ACKWC,,,,,,,,
GTEX-1H23P-0226-SM-9YFLO,,,,,,,,
GTEX-1PDJ9-0426-SM-E9J3E,,,,,,,,
GTEX-1I19N-0426-SM-ACKVY,,,,,,,,
GTEX-1AYD5-2326-SM-73KXF,,,,,,,,
GTEX-ZA64-0926-SM-5HL7H,,,,,,,,
GTEX-1R9PM-2126-SM-E8VOB,,,,,,,,
GTEX-OXRL-0226-SM-3NB18,,,,,,,,
GTEX-18D9U-0726-SM-7LG5J,,,,,,,,
GTEX-1A8G6-2026-SM-73KYC,,,,,,,,
GTEX-17MFQ-1826-SM-7DHLS,,,,,,,,
GTEX-1QEPI-0226-SM-EWRMR,,,,,,,,
GTEX-ZPCL-2126-SM-57WFZ,,,,,,,,
GTEX-11GS4-2626-SM-5A5LD,,,,,,,,
GTEX-1I6K6-0226-SM-ADEID,,,,,,,,
GTEX-W5WG-2526-SM-4SOJ2,,,,,,,,
GTEX-12WSC-1726-SM-5GCN3,,,,,,,,
GTEX-Y5V5-2426-SM-5IFJA,,,,,,,,
GTEX-13N2G-1926-SM-5J1O3,,,,,,,,
GTEX-1IDJH-1626-SM-A9SLP,,,,,,,,
GTEX-1MUQO-0826-SM-EVYCZ,,,,,,,,
GTEX-18D9U-0426-SM-731AN,,,,,,,,
GTEX-Y3I4-0726-SM-E9J3Y,,,,,,,,
GTEX-1212Z-2426-SM-5EQ5D,,,,,,,,
GTEX-131XF-2226-SM-5EQKG,,,,,,,,
GTEX-13U4I-0226-SM-5SIB1,,,,,,,,
GTEX-17F9Y-0726-SM-7LT9G,,,,,,,,
GTEX-1JKYN-1226-SM-CGQG8,,,,,,,,
GTEX-1CB4J-1126-SM-7PBY1,,,,,,,,
GTEX-1GF9U-1226-SM-ARL9I,,,,,,,,
GTEX-1CAMR-1826-SM-7MXUJ,,,,,,,,
GTEX-1B933-1326-SM-7939U,,,,,,,,
GTEX-13N1W-0226-SM-5K7W6,,,,,,,,
GTEX-1GL5R-0726-SM-9MQL5,,,,,,,,
GTEX-133LE-1926-SM-5N9FV,,,,,,,,
GTEX-1I1CD-0226-SM-CM2TL,,,,,,,,
GTEX-TMZS-0226-SM-3DB9N,,,,,,,,
GTEX-13SLW-0226-SM-5S2NA,,,,,,,,
GTEX-1L5NE-2626-SM-E9U6P,,,,,,,,
GTEX-17HHY-1026-SM-7LG5E,,,,,,,,
GTEX-ZF2S-1526-SM-5S2OO,,,,,,,,
GTEX-ZDTS-0226-SM-5HL7Q,,,,,,,,
GTEX-ZDYS-2226-SM-5S2MI,,,,,,,,
GTEX-1PIIG-0326-SM-EVYBV,,,,,,,,
GTEX-1HSEH-0226-SM-ACKVV,,,,,,,,
GTEX-18D9A-2026-SM-718BL,,,,,,,,
GTEX-1HBPN-1526-SM-9WYSB,,,,,,,,
GTEX-1F6RS-0226-SM-9MQKO,,,,,,,,
GTEX-ZC5H-1626-SM-5HL7L,,,,,,,,
GTEX-R45C-0226-SM-EVYAJ,,,,,,,,
GTEX-1B97J-1126-SM-7SB79,,,,,,,,
GTEX-11VI4-1226-SM-5EQMP,,,,,,,,
GTEX-131XW-0526-SM-5PNXZ,,,,,,,,
GTEX-1F5PK-2526-SM-9MQKN,,,,,,,,
GTEX-13FTY-0626-SM-5L3F8,,,,,,,,
GTEX-1B97I-1726-SM-7939V,,,,,,,,
GTEX-11ZTT-2526-SM-5EQM9,,,,,,,,
GTEX-13OVG-1326-SM-5K7Y3,,,,,,,,
GTEX-ZYT6-2826-SM-5GICX,,,,,,,,
GTEX-14C39-1626-SM-5S2P4,,,,,,,,
GTEX-14BMV-2426-SM-5S2PP,,,,,,,,
GTEX-1AYCT-1926-SM-793AE,,,,,,,,
GTEX-12WSD-2626-SM-5EGJE,,,,,,,,
GTEX-1I1GP-2826-SM-A9SKZ,,,,,,,,
GTEX-XQ8I-2326-SM-4BOQC,,,,,,,,
GTEX-TKQ1-0626-SM-4DXTS,,,,,,,,
GTEX-18A66-2626-SM-72D67,,,,,,,,
GTEX-12ZZW-2426-SM-5DUWE,,,,,,,,
GTEX-1L5NE-1926-SM-D3L9R,,,,,,,,
GTEX-Y3I4-1126-SM-4TT7Y,,,,,,,,
GTEX-1H23P-2626-SM-9KNVN,,,,,,,,
GTEX-12696-1926-SM-5EGJT,,,,,,,,
GTEX-1A3MV-1026-SM-72D5U,,,,,,,,
GTEX-XUW1-1826-SM-4BOQD,,,,,,,,
GTEX-1JKYN-2226-SM-ARZNE,,,,,,,,
GTEX-148VJ-2426-SM-5NQ9Y,,,,,,,,
GTEX-17F9Y-2626-SM-7IGN9,,,,,,,,
GTEX-15RJ7-1726-SM-6PAL3,,,,,,,,
GTEX-131XE-1026-SM-5EGKE,,,,,,,,
GTEX-ZY6K-1326-SM-5GZWP,,,,,,,,
GTEX-1LGOU-1726-SM-D3L8P,,,,,,,,
GTEX-ZV6S-1126-SM-57WE9,,,,,,,,
GTEX-14E6C-2226-SM-5QGQG,,,,,,,,
GTEX-1J8Q3-2426-SM-CL53S,,,,,,,,
GTEX-11O72-2226-SM-5PNW2,,,,,,,,
GTEX-1JMPY-1026-SM-ARZN1,,,,,,,,
GTEX-1GTWX-2626-SM-9WPOT,,,,,,,,
GTEX-1HCUA-1926-SM-B2LWE,,,,,,,,
GTEX-1GZ4I-2426-SM-9WPPP,,,,,,,,
GTEX-ZYFG-1826-SM-5GZWX,,,,,,,,
GTEX-1MUQO-2626-SM-EWRO3,,,,,,,,
GTEX-ZYY3-2226-SM-5E45A,,,,,,,,
GTEX-1S82P-2026-SM-E9TIQ,,,,,,,,
GTEX-11I78-1326-SM-5PNY9,,,,,,,,
GTEX-13OVI-2026-SM-5J1MU,,,,,,,,
GTEX-1I6K6-1926-SM-A96SN,,,,,,,,
GTEX-14BMU-1326-SM-5RQIH,,,,,,,,
GTEX-13111-1926-SM-5GCOL,,,,,,,,
GTEX-11EI6-2626-SM-5PNVT,,,,,,,,
GTEX-13O1R-2426-SM-5KLZZ,,,,,,,,
GTEX-11TUW-2026-SM-5EQL8,,,,,,,,
GTEX-16XZZ-2726-SM-7EWDO,,,,,,,,
GTEX-13O61-1626-SM-5KM3T,,,,,,,,
GTEX-139TS-2226-SM-5J2N1,,,,,,,,
GTEX-15EO6-2326-SM-6LPKK,,,,,,,,
GTEX-1LBAC-1726-SM-D3L9W,,,,,,,,
GTEX-1IKOE-2126-SM-A96T5,,,,,,,,
GTEX-13G51-2126-SM-5IJD9,,,,,,,,
GTEX-145LT-0826-SM-5S2QL,,,,,,,,
GTEX-WHWD-1526-SM-4OORV,,,,,,,,
GTEX-Y5LM-1426-SM-5RQJL,,,,,,,,
GTEX-13OVJ-1826-SM-5KM2D,,,,,,,,
GTEX-1HCU6-2726-SM-A9SKV,,,,,,,,
GTEX-1JN76-1326-SM-ARU94,,,,,,,,
GTEX-111CU-1226-SM-5EGIN,,,,,,,,
GTEX-11ZU8-1126-SM-5EQ5K,,,,,,,,
GTEX-15DZA-0926-SM-69LQ3,,,,,,,,
GTEX-15CHQ-2626-SM-686YZ,,,,,,,,
GTEX-1S831-1726-SM-EWROJ,,,,,,,,
GTEX-15UF6-2626-SM-6M466,,,,,,,,
GTEX-1GZ4H-1326-SM-7P8TE,,,,,,,,
GTEX-1HCU6-2926-SM-B2LWV,,,,,,,,
GTEX-1LGRB-1226-SM-CNNPS,,,,,,,,
GTEX-13X6H-0526-SM-5LU4Q,,,,,,,,
GTEX-1IE54-0926-SM-A9G2Y,,,,,,,,
GTEX-U3ZN-0326-SM-3DB86,,,,,,,,
GTEX-1GMRU-1126-SM-9KNV1,,,,,,,,
GTEX-11P7K-0226-SM-5986Z,,,,,,,,
GTEX-1C2JI-0326-SM-7EWFD,,,,,,,,
GTEX-1RAZR-1126-SM-E6CRC,,,,,,,,
GTEX-1KXAM-1726-SM-D3LAE,,,,,,,,
GTEX-15CHC-0126-SM-5YYBA,,,,,,,,
GTEX-1GF9W-0626-SM-7MXVJ,,,,,,,,
GTEX-16AAH-0326-SM-7DHML,,,,,,,,
GTEX-15G1A-0326-SM-6M467,,,,,,,,
GTEX-1B8SF-0626-SM-73KVV,,,,,,,,
GTEX-1R9PM-0226-SM-DPRY7,,,,,,,,
GTEX-14XAO-0426-SM-6AJB6,,,,,,,,
GTEX-13D11-0226-SM-5LZXL,,,,,,,,
GTEX-ZGAY-1026-SM-4WWBR,,,,,,,,
GTEX-OHPL-2626-SM-2HMJA,,,,,,,,
GTEX-1313W-0726-SM-5EGK1,,,,,,,,
GTEX-YJ89-0726-SM-5P9F7,,,,,,,,
GTEX-11GSP-0126-SM-5A5KU,,,,,,,,
GTEX-X15G-0526-SM-3NMB7,,,,,,,,
GTEX-U412-0726-SM-EVR2Y,,,,,,,,
GTEX-ZV6S-0226-SM-59HJT,,,,,,,,
GTEX-1H11D-0626-SM-9WPQ1,,,,,,,,
GTEX-1E1VI-0726-SM-7P8QJ,,,,,,,,
GTEX-1GN1U-0826-SM-9WPPX,,,,,,,,
GTEX-ZF28-0826-SM-4WKGJ,,,,,,,,
GTEX-S7SF-0226-SM-5SI7H,,,,,,,,
GTEX-1F52S-0526-SM-7P8TP,,,,,,,,
GTEX-16NPX-1426-SM-6LPK3,,,,,,,,
GTEX-1QP2A-0626-SM-DTX9C,,,,,,,,
GTEX-15RIE-0426-SM-7KUMH,,,,,,,,
GTEX-O5YV-1526-SM-EV799,,,,,,,,
GTEX-17EVQ-0526-SM-7KFSK,,,,,,,,
GTEX-1HBPN-1226-SM-B2LW9,,,,,,,,
GTEX-T2IS-0626-SM-32QP6,,,,,,,,
GTEX-1PIGE-0726-SM-DPRZD,,,,,,,,
GTEX-1IKOE-0926-SM-ARU7X,,,,,,,,
GTEX-1CB4H-0126-SM-7IGN2,,,,,,,,
GTEX-1EU9M-0626-SM-7MXUT,,,,,,,,
GTEX-132QS-0326-SM-5IJFN,,,,,,,,
GTEX-13O1R-0826-SM-5J2MB,,,,,,,,
GTEX-V955-0426-SM-3GAEL,,,,,,,,
GTEX-11NSD-0126-SM-5987F,,,,,,,,
GTEX-1QP6S-2526-SM-DTX9Z,,,,,,,,
GTEX-1I1GV-0726-SM-ARZLY,,,,,,,,
GTEX-1JMQJ-2026-SM-CNPP9,,,,,,,,
GTEX-1C475-0226-SM-7MGXM,,,,,,,,
GTEX-13X6J-0826-SM-5LU32,,,,,,,,
GTEX-1RQED-0926-SM-EWRNZ,,,,,,,,
GTEX-1J8QM-0726-SM-CE6RF,,,,,,,,
GTEX-12WSJ-0326-SM-5GCMT,,,,,,,,
GTEX-TKQ1-0126-SM-33HB3,,,,,,,,
GTEX-14PKV-0626-SM-6AJA2,,,,,,,,
GTEX-1CB4G-1526-SM-7P8QG,,,,,,,,
GTEX-1IOXB-1026-SM-CJI4D,,,,,,,,
GTEX-13QBU-0626-SM-5J2OG,,,,,,,,
GTEX-15RIF-0326-SM-7KUFR,,,,,,,,
GTEX-148VI-0526-SM-5TDDG,,,,,,,,
GTEX-1GZ2Q-0826-SM-7P8TK,,,,,,,,
GTEX-1OJC4-0526-SM-E6CQV,,,,,,,,
GTEX-131XE-0126-SM-5LZVC,,,,,,,,
GTEX-12ZZY-0826-SM-5EQMT,,,,,,,,
GTEX-1211K-0726-SM-5FQUW,,,,,,,,
GTEX-14PJ3-0126-SM-69LQP,,,,,,,,
GTEX-11DXY-0426-SM-5H12R,,,,,,,,
GTEX-1I1GQ-0826-SM-CNNQR,,,,,,,,
GTEX-12WSD-0926-SM-5GCNL,,,,,,,,
GTEX-13FH7-0126-SM-5KLZ1,,,,,,,,
GTEX-17KNJ-1026-SM-79ONK,,,,,,,,
GTEX-1JMPZ-0626-SM-CY8HY,,,,,,,,
GTEX-11EQ8-0826-SM-5N9FG,,,,,,,,
GTEX-1F6IF-1126-SM-9KNV2,,,,,,,,
GTEX-12WSK-0926-SM-5CVNQ,,,,,,,,
GTEX-1MGNQ-0726-SM-DPRYH,,,,,,,,
GTEX-13N11-1026-SM-5K7XQ,,,,,,,,
GTEX-ZTSS-0226-SM-59877,,,,,,,,
GTEX-Y114-0626-SM-4TT98,,,,,,,,
GTEX-1MJK3-0326-SM-DTX96,,,,,,,,
GTEX-1KD5A-0426-SM-D4P3X,,,,,,,,
GTEX-1HBPM-0926-SM-ARL9C,,,,,,,,
GTEX-13111-0226-SM-5EQ55,,,,,,,,
GTEX-1I6K6-0726-SM-B2LX4,,,,,,,,
GTEX-1CB4F-0826-SM-793CV,,,,,,,,
GTEX-WK11-0926-SM-3NMAU,,,,,,,,
GTEX-1497J-0126-SM-5Q5BK,,,,,,,,
GTEX-15UF6-1126-SM-6LPJ3,,,,,,,,
GTEX-131XF-1826-SM-5EGKG,,,,,,,,
GTEX-OXRK-0626-SM-2HMJ5,,,,,,,,
GTEX-R55E-0826-SM-2TC5M,,,,,,,,
GTEX-13O61-0226-SM-5KM52,,,,,,,,
GTEX-QV44-0826-SM-2S1RG,,,,,,,,
GTEX-18A7A-0826-SM-7KFTJ,,,,,,,,
GTEX-ZF29-0726-SM-DO92H,,,,,,,,
GTEX-ZXG5-0926-SM-5NQ8H,,,,,,,,
GTEX-1RMOY-0126-SM-EWRNN,,,,,,,,
GTEX-1RAZQ-0926-SM-EAZ4Q,,,,,,,,
GTEX-YB5K-0526-SM-5LUAS,,,,,,,,
